-- --------------------------------------------------------
-- Servidor:                     127.0.0.1
-- Versão do servidor:           8.0.40 - MySQL Community Server - GPL
-- OS do Servidor:               Win64
-- HeidiSQL Versão:              12.8.0.6908
-- --------------------------------------------------------

/*!40101 SET @OLD_CHARACTER_SET_CLIENT=@@CHARACTER_SET_CLIENT */;
/*!40101 SET NAMES utf8 */;
/*!50503 SET NAMES utf8mb4 */;
/*!40103 SET @OLD_TIME_ZONE=@@TIME_ZONE */;
/*!40103 SET TIME_ZONE='+00:00' */;
/*!40014 SET @OLD_FOREIGN_KEY_CHECKS=@@FOREIGN_KEY_CHECKS, FOREIGN_KEY_CHECKS=0 */;
/*!40101 SET @OLD_SQL_MODE=@@SQL_MODE, SQL_MODE='NO_AUTO_VALUE_ON_ZERO' */;
/*!40111 SET @OLD_SQL_NOTES=@@SQL_NOTES, SQL_NOTES=0 */;


-- Copiando estrutura do banco de dados para projetoif
CREATE DATABASE IF NOT EXISTS `projetoif` /*!40100 DEFAULT CHARACTER SET utf8mb4 COLLATE utf8mb4_0900_ai_ci */ /*!80016 DEFAULT ENCRYPTION='N' */;
USE `projetoif`;

-- Copiando estrutura para tabela projetoif.avaliacao
CREATE TABLE IF NOT EXISTS `avaliacao` (
  `id` int NOT NULL AUTO_INCREMENT,
  `nota` int DEFAULT NULL,
  `pedido` int DEFAULT NULL,
  `restaurante` int DEFAULT NULL,
  PRIMARY KEY (`id`),
  KEY `pedido` (`pedido`),
  KEY `restaurante` (`restaurante`),
  CONSTRAINT `avaliacao_ibfk_1` FOREIGN KEY (`pedido`) REFERENCES `pedido` (`id`),
  CONSTRAINT `avaliacao_ibfk_2` FOREIGN KEY (`restaurante`) REFERENCES `restaurante` (`id`),
  CONSTRAINT `avaliacao_chk_1` CHECK (((`nota` >= 0) and (`nota` <= 10)))
) ENGINE=InnoDB AUTO_INCREMENT=11 DEFAULT CHARSET=utf8mb4 COLLATE=utf8mb4_0900_ai_ci;

-- Copiando dados para a tabela projetoif.avaliacao: ~10 rows (aproximadamente)
INSERT INTO `avaliacao` (`id`, `nota`, `pedido`, `restaurante`) VALUES
	(1, 9, 51, 1),
	(2, 8, 52, 2),
	(3, 7, 53, 3),
	(4, 10, 54, 1),
	(5, 6, 55, 4),
	(6, 8, 56, 5),
	(7, 5, 57, 6),
	(8, 9, 58, 7),
	(9, 10, 59, 8),
	(10, 7, 60, 9);

-- Copiando estrutura para tabela projetoif.categoria
CREATE TABLE IF NOT EXISTS `categoria` (
  `id` int NOT NULL AUTO_INCREMENT,
  `tipo` varchar(50) DEFAULT NULL,
  `nome` varchar(255) NOT NULL,
  `descricao` text,
  PRIMARY KEY (`id`)
) ENGINE=InnoDB AUTO_INCREMENT=12 DEFAULT CHARSET=utf8mb4 COLLATE=utf8mb4_0900_ai_ci;

-- Copiando dados para a tabela projetoif.categoria: ~10 rows (aproximadamente)
INSERT INTO `categoria` (`id`, `tipo`, `nome`, `descricao`) VALUES
	(1, 'Comida', 'Pizzaria', 'Especialidade em pizzas artesanais'),
	(2, 'Comida', 'Hamburgueria', 'Hambúrgueres gourmet e combos'),
	(3, 'Sobremesa', 'Sorveteria', 'Gelados de diversos sabores'),
	(4, 'Bebida', 'Sucos Naturais', 'Sucos saudáveis e naturais'),
	(5, 'Bebida', 'Refrigerantes', 'Todas as marcas populares disponíveis'),
	(6, 'Comida', 'Churrascaria', 'Carnes nobres e assadas no ponto'),
	(7, 'Sobremesa', 'Doceria', 'Doces finos e tortas especiais'),
	(8, 'Comida', 'Vegana', 'Refeições 100% vegetais e saudáveis'),
	(9, 'Bebida', 'Cafeteria', 'Cafés artesanais e bebidas quentes'),
	(10, 'Comida', 'Comida Oriental', 'Sushis, temakis e pratos asiáticos tradicionais');

-- Copiando estrutura para tabela projetoif.endereco
CREATE TABLE IF NOT EXISTS `endereco` (
  `id` int NOT NULL AUTO_INCREMENT,
  `rua` varchar(255) NOT NULL,
  `bairro` varchar(100) DEFAULT NULL,
  `cidade` varchar(100) DEFAULT NULL,
  `estado` varchar(50) DEFAULT NULL,
  `numero` varchar(20) CHARACTER SET utf8mb4 COLLATE utf8mb4_0900_ai_ci DEFAULT NULL,
  `complemento` varchar(100) DEFAULT NULL,
  `ponto_referencia` varchar(100) DEFAULT NULL,
  PRIMARY KEY (`id`)
) ENGINE=InnoDB AUTO_INCREMENT=38 DEFAULT CHARSET=utf8mb4 COLLATE=utf8mb4_0900_ai_ci;

-- Copiando dados para a tabela projetoif.endereco: ~32 rows (aproximadamente)
INSERT INTO `endereco` (`id`, `rua`, `bairro`, `cidade`, `estado`, `numero`, `complemento`, `ponto_referencia`) VALUES
	(1, 'Rua das Flores', 'Centro', 'São Paulo', 'SP', '100', 'Apto 12', 'Próximo ao mercado'),
	(2, 'Av. Paulista', 'Bela Vista', 'São Paulo', 'SP', '1500', 'Sala 302', 'Ao lado do banco'),
	(3, 'Rua Bahia', 'Funcionários', 'Belo Horizonte', 'MG', '250', 'Casa', 'Em frente à praça'),
	(4, 'Av. Boa Viagem', 'Boa Viagem', 'Recife', 'PE', '900', NULL, 'Próximo à praia'),
	(5, 'Rua Amazonas', 'Centro', 'Curitiba', 'PR', '80', NULL, 'Próximo ao shopping'),
	(6, 'Rua 25 de Março', 'Comércio', 'São Paulo', 'SP', '500', NULL, 'Próximo ao mercado municipal'),
	(7, 'Rua do Sol', 'Boa Vista', 'Fortaleza', 'CE', '300', NULL, 'Esquina com a padaria'),
	(8, 'Av. Getúlio Vargas', 'Centro', 'Porto Alegre', 'RS', '100', 'Loja 10', NULL),
	(9, 'Rua das Palmeiras', 'Jardins', 'Salvador', 'BA', '120', NULL, 'Próximo ao parque'),
	(10, 'Av. Brasil', 'Centro', 'Brasília', 'DF', '999', NULL, NULL),
	(11, '', '', 'Sertânia', 'PE', '87981553826', NULL, NULL),
	(12, '', '', 'Sertânia', 'PE', '87981553826', NULL, NULL),
	(13, '', '', 'Sertânia', 'PE', '981553826', NULL, NULL),
	(14, 'sasss', 'dsasdsa', 'sdaaaa', 'sss', '87981554832', NULL, NULL),
	(15, '', '', 'Sertânia', 'PE', '981553826', NULL, NULL),
	(16, '', '', 'Sertânia', 'PE', '8721368765', NULL, NULL),
	(17, '2', '2', '2', '2', '222222', NULL, NULL),
	(18, '', '', 'Sertânia', 'PE', '3', NULL, NULL),
	(19, '', '', 'Sertânia', 'PE', '87981553826', NULL, NULL),
	(20, 'Rua José Valério dos Santos', 'Rio da Barra', 'Sertânia', 'PE', '981553826', NULL, NULL),
	(21, 'Rua José Valério dos Santos', 'Rio da Barra', 'Sertânia', 'PE', '87981579587', NULL, NULL),
	(22, '', '', 'Sertânia', 'PE', '2342', NULL, NULL),
	(23, 'Rua José Valério dos Santos', 'Rio da Barra', 'Sertânia', 'PE', '107', NULL, NULL),
	(24, 'Rua José Valério dos Santos', 'Rio da Barra', 'Sertânia', 'PE', '107', NULL, NULL),
	(25, '', '', 'Sertânia', 'PE', '123', NULL, NULL),
	(26, '', '', 'Sertânia', 'PE', '1243', NULL, NULL),
	(27, '', '', 'Sertânia', 'PE', '345', NULL, NULL),
	(28, '', '', 'Sertânia', 'PE', '34', NULL, NULL),
	(29, 'Rua José Valério dos Santos', 'Rio da Barra', 'Sertânia', 'PE', '87981553826', NULL, NULL),
	(30, '', '', 'Sertânia', 'PE', '107', NULL, NULL),
	(31, '', '', 'Sertânia', 'PE', '107', NULL, NULL),
	(32, '', '', 'Sertânia', 'PE', '107', NULL, NULL),
	(33, '', '', 'Sertânia', 'PE', '651', NULL, NULL),
	(34, 'asd', 'asd', 'asd', 'asd', '123', NULL, NULL),
	(35, 'wdasdaw', 'wdasdsa', 'wasd', 'wasd', '1233', NULL, NULL),
	(36, 'Rua José Valério dos Santos', 'Rio da Barra', 'Sertânia', 'PE', '2020', NULL, NULL),
	(37, 'Avenida José Bonifácio', 'São Cristóvão', 'Arcoverde', 'PE', '10', NULL, NULL);

-- Copiando estrutura para tabela projetoif.forma_pagamento
CREATE TABLE IF NOT EXISTS `forma_pagamento` (
  `id` int NOT NULL AUTO_INCREMENT,
  `tipo_de_pagamento` varchar(50) NOT NULL,
  PRIMARY KEY (`id`)
) ENGINE=InnoDB AUTO_INCREMENT=4 DEFAULT CHARSET=utf8mb4 COLLATE=utf8mb4_0900_ai_ci;

-- Copiando dados para a tabela projetoif.forma_pagamento: ~3 rows (aproximadamente)
INSERT INTO `forma_pagamento` (`id`, `tipo_de_pagamento`) VALUES
	(1, 'Cartão de Crédito'),
	(2, 'Cartão de Débito'),
	(3, 'Pix');

-- Copiando estrutura para tabela projetoif.historico_entrega
CREATE TABLE IF NOT EXISTS `historico_entrega` (
  `id` int NOT NULL AUTO_INCREMENT,
  `id_status_ent` int NOT NULL,
  `id_pedido` int NOT NULL,
  `datetime` datetime NOT NULL,
  PRIMARY KEY (`id`),
  KEY `id_status_ent` (`id_status_ent`),
  KEY `id_pedido` (`id_pedido`),
  CONSTRAINT `historico_entrega_ibfk_1` FOREIGN KEY (`id_status_ent`) REFERENCES `status_entrega` (`id`),
  CONSTRAINT `historico_entrega_ibfk_2` FOREIGN KEY (`id_pedido`) REFERENCES `pedido` (`id`)
) ENGINE=InnoDB AUTO_INCREMENT=11 DEFAULT CHARSET=utf8mb4 COLLATE=utf8mb4_0900_ai_ci;

-- Copiando dados para a tabela projetoif.historico_entrega: ~10 rows (aproximadamente)
INSERT INTO `historico_entrega` (`id`, `id_status_ent`, `id_pedido`, `datetime`) VALUES
	(1, 1, 51, '2024-11-01 14:00:00'),
	(2, 2, 52, '2024-11-02 16:00:00'),
	(3, 3, 53, '2024-11-03 19:30:00'),
	(4, 2, 54, '2024-11-04 21:00:00'),
	(5, 1, 55, '2024-11-05 22:00:00'),
	(6, 3, 56, '2024-11-06 12:30:00'),
	(7, 2, 57, '2024-11-07 15:00:00'),
	(8, 1, 58, '2024-11-08 16:00:00'),
	(9, 3, 59, '2024-11-09 18:00:00'),
	(10, 2, 60, '2024-11-10 20:30:00');

-- Copiando estrutura para tabela projetoif.historico_pagamento
CREATE TABLE IF NOT EXISTS `historico_pagamento` (
  `id` int NOT NULL AUTO_INCREMENT,
  `data` datetime NOT NULL,
  `id_forma` int DEFAULT NULL,
  `valor` decimal(10,2) NOT NULL,
  `id_pedido` int NOT NULL,
  PRIMARY KEY (`id`),
  KEY `id_forma` (`id_forma`),
  CONSTRAINT `historico_pagamento_ibfk_1` FOREIGN KEY (`id_forma`) REFERENCES `forma_pagamento` (`id`)
) ENGINE=InnoDB AUTO_INCREMENT=11 DEFAULT CHARSET=utf8mb4 COLLATE=utf8mb4_0900_ai_ci;

-- Copiando dados para a tabela projetoif.historico_pagamento: ~10 rows (aproximadamente)
INSERT INTO `historico_pagamento` (`id`, `data`, `id_forma`, `valor`, `id_pedido`) VALUES
	(1, '2024-11-01 12:45:00', 1, 94.80, 51),
	(2, '2024-11-02 14:00:00', 2, 34.40, 52),
	(3, '2024-11-03 18:30:00', 3, 28.80, 53),
	(4, '2024-11-04 19:30:00', 1, 64.90, 54),
	(5, '2024-11-05 20:30:00', 2, 22.40, 55),
	(6, '2024-11-06 12:00:00', 3, 93.70, 56),
	(7, '2024-11-07 14:15:00', 1, 54.40, 57),
	(8, '2024-11-08 15:45:00', 2, 38.40, 58),
	(9, '2024-11-09 17:50:00', 1, 126.00, 59),
	(10, '2024-11-10 19:15:00', 3, 82.90, 60);

-- Copiando estrutura para tabela projetoif.pedido
CREATE TABLE IF NOT EXISTS `pedido` (
  `id` int NOT NULL AUTO_INCREMENT,
  `data` datetime NOT NULL,
  `id_restaurante` int DEFAULT NULL,
  `valor` decimal(10,2) NOT NULL,
  `taxa_entrega` decimal(10,2) DEFAULT NULL,
  `id_promocao` int DEFAULT NULL,
  `id_status_entrega` int DEFAULT NULL,
  `id_forma_pagamento` int DEFAULT NULL,
  `observacao` text,
  `troco` decimal(10,2) DEFAULT NULL,
  `id_endereco` int DEFAULT NULL,
  PRIMARY KEY (`id`),
  KEY `id_restaurante` (`id_restaurante`),
  KEY `id_promocao` (`id_promocao`),
  KEY `id_status_entrega` (`id_status_entrega`),
  KEY `id_forma_pagamento` (`id_forma_pagamento`),
  KEY `id_endereco` (`id_endereco`),
  CONSTRAINT `pedido_ibfk_1` FOREIGN KEY (`id_restaurante`) REFERENCES `restaurante` (`id`),
  CONSTRAINT `pedido_ibfk_2` FOREIGN KEY (`id_promocao`) REFERENCES `promocao` (`id`),
  CONSTRAINT `pedido_ibfk_3` FOREIGN KEY (`id_status_entrega`) REFERENCES `status_entrega` (`id`),
  CONSTRAINT `pedido_ibfk_4` FOREIGN KEY (`id_forma_pagamento`) REFERENCES `forma_pagamento` (`id`),
  CONSTRAINT `pedido_ibfk_5` FOREIGN KEY (`id_endereco`) REFERENCES `endereco` (`id`)
) ENGINE=InnoDB AUTO_INCREMENT=722 DEFAULT CHARSET=utf8mb4 COLLATE=utf8mb4_0900_ai_ci;

-- Copiando dados para a tabela projetoif.pedido: ~10 rows (aproximadamente)
INSERT INTO `pedido` (`id`, `data`, `id_restaurante`, `valor`, `taxa_entrega`, `id_promocao`, `id_status_entrega`, `id_forma_pagamento`, `observacao`, `troco`, `id_endereco`) VALUES
	(51, '2024-11-01 12:30:00', 1, 89.80, 5.00, 1, 1, 1, 'Sem cebola na pizza', 0.00, 1),
	(52, '2024-11-02 13:45:00', 2, 29.90, 4.50, 2, 2, 2, 'Entrega rápida, por favor', 10.00, 2),
	(53, '2024-11-03 18:00:00', 3, 25.80, 3.00, NULL, 3, 3, NULL, 0.00, 3),
	(54, '2024-11-04 19:15:00', 1, 59.90, 5.00, 4, 1, 1, 'Adicionar queijo extra', 0.00, 1),
	(55, '2024-11-05 20:00:00', 4, 18.90, 3.50, 5, 2, 2, 'Sem gelo no suco', 5.00, 4),
	(56, '2024-11-06 11:30:00', 5, 85.70, 8.00, NULL, 3, 1, 'Precisa de troco para 100', 14.30, 5),
	(57, '2024-11-07 14:00:00', 6, 50.40, 4.00, 3, 1, 1, 'Pedido para presente', 0.00, 6),
	(58, '2024-11-08 15:20:00', 7, 32.90, 5.50, NULL, 2, 2, 'Deixar na portaria', 0.00, 7),
	(59, '2024-11-09 17:45:00', 8, 120.00, 6.00, 6, 1, 1, 'Com pressa, entrega antes das 18h', 0.00, 8),
	(60, '2024-11-10 19:00:00', 9, 75.90, 7.00, 7, 3, 3, 'Pedido recorrente, mesmo endereço', 0.00, 9),
	(61, '2024-12-04 09:13:26', 7, 32.00, 5.00, NULL, 1, 3, NULL, NULL, 26),
	(74, '2024-01-02 12:00:00', 1, 45.90, 5.00, 1, 1, 2, 'Sem maionese', 0.00, 1),
	(75, '2024-01-03 13:15:00', 2, 68.50, 6.00, 3, 2, 1, 'Troco para 100', 31.50, 2),
	(76, '2024-01-04 18:30:00', 3, 33.30, 4.00, NULL, 3, 3, NULL, 0.00, 3),
	(77, '2024-01-05 19:45:00', 4, 21.50, 3.50, 2, 1, 1, 'Adicionar bacon extra', 0.00, 4),
	(78, '2024-01-07 14:00:00', 5, 58.80, 7.00, NULL, 3, 2, 'Entrega rápida', 0.00, 5),
	(79, '2024-01-10 12:20:00', 6, 80.70, 8.50, 5, 1, 3, 'Sem cebola', 0.00, 6),
	(80, '2024-01-12 16:10:00', 7, 42.90, 5.50, NULL, 2, 2, 'Deixar na portaria', 0.00, 7),
	(81, '2024-01-14 19:20:00', 8, 120.00, 6.00, 6, 1, 1, 'Urgente', 0.00, 8),
	(82, '2024-01-16 19:00:00', 9, 72.90, 7.00, 7, 3, 3, 'Pedido recorrente', 0.00, 9),
	(83, '2024-01-18 11:50:00', 10, 55.00, 4.50, NULL, 1, 3, 'Sem troco', 0.00, 10),
	(84, '2024-01-21 13:15:00', 6, 36.70, 5.00, 4, 2, 2, 'Pedido para presente', 0.00, 11),
	(85, '2024-01-25 17:40:00', 1, 89.80, 6.00, NULL, 1, 1, 'Com pressa', 0.00, 12),
	(97, '2024-01-02 12:00:00', 1, 45.90, 5.00, 1, 1, 2, 'Sem maionese', 0.00, 1),
	(98, '2024-01-03 13:15:00', 2, 68.50, 6.00, 3, 2, 1, 'Troco para 100', 31.50, 2),
	(99, '2024-01-04 18:30:00', 3, 33.30, 4.00, NULL, 3, 3, NULL, 0.00, 3),
	(100, '2024-01-05 19:45:00', 4, 21.50, 3.50, 2, 1, 1, 'Adicionar bacon extra', 0.00, 4),
	(101, '2024-01-07 14:00:00', 5, 58.80, 7.00, NULL, 3, 2, 'Entrega rápida', 0.00, 5),
	(102, '2024-01-10 12:20:00', 6, 80.70, 8.50, 5, 1, 3, 'Sem cebola', 0.00, 6),
	(103, '2024-01-12 16:10:00', 7, 42.90, 5.50, NULL, 2, 2, 'Deixar na portaria', 0.00, 7),
	(104, '2024-01-14 19:20:00', 8, 120.00, 6.00, 6, 1, 1, 'Urgente', 0.00, 8),
	(105, '2024-01-16 19:00:00', 9, 72.90, 7.00, 7, 3, 3, 'Pedido recorrente', 0.00, 9),
	(106, '2024-01-18 11:50:00', 10, 55.00, 4.50, NULL, 1, 3, 'Sem troco', 0.00, 10),
	(107, '2024-01-21 13:15:00', 6, 36.70, 5.00, 4, 2, 2, 'Pedido para presente', 0.00, 11),
	(108, '2024-01-25 17:40:00', 1, 89.80, 6.00, NULL, 1, 1, 'Com pressa', 0.00, 12),
	(109, '2024-02-01 12:45:00', 1, 62.90, 5.00, NULL, 1, 1, 'Sem pimenta', 0.00, 1),
	(110, '2024-02-02 18:10:00', 2, 33.80, 4.50, 1, 2, 2, 'Troco para 50', 16.20, 2),
	(111, '2024-02-04 11:00:00', 3, 49.70, 3.50, 3, 3, 3, NULL, 0.00, 3),
	(112, '2024-02-06 19:30:00', 4, 89.90, 6.00, 2, 1, 1, 'Adicionar molho extra', 0.00, 4),
	(113, '2024-02-09 15:45:00', 5, 77.80, 5.50, NULL, 3, 2, 'Entrega sem contato', 0.00, 5),
	(114, '2024-02-10 16:10:00', 6, 38.70, 8.00, 5, 1, 3, 'Sem cebola', 0.00, 6),
	(115, '2024-02-12 12:50:00', 7, 60.00, 4.00, NULL, 2, 2, 'Deixar na portaria', 0.00, 7),
	(116, '2024-02-14 18:20:00', 8, 98.00, 6.50, 6, 1, 1, 'Entrega até 18h', 0.00, 8),
	(117, '2024-02-17 20:15:00', 9, 40.90, 3.50, 7, 3, 3, 'Sem gelo no suco', 0.00, 9),
	(118, '2024-02-21 12:10:00', 10, 45.00, 7.50, NULL, 1, 3, 'Com pressa', 0.00, 10),
	(119, '2024-02-25 17:40:00', 2, 89.80, 6.00, NULL, 1, 1, 'Pedido recorrente', 0.00, 11),
	(120, '2024-03-01 14:30:00', 1, 59.80, 4.00, 1, 1, 2, 'Sem cebola', 0.00, 1),
	(121, '2024-03-03 11:15:00', 2, 72.50, 6.50, 3, 2, 1, 'Troco para 100', 27.50, 2),
	(122, '2024-03-05 18:40:00', 3, 39.90, 5.00, NULL, 3, 3, NULL, 0.00, 3),
	(123, '2024-03-07 13:00:00', 4, 25.50, 3.50, 2, 1, 1, 'Adicionar bacon extra', 0.00, 4),
	(124, '2024-03-10 15:20:00', 5, 47.80, 6.00, NULL, 3, 2, 'Entrega rápida', 0.00, 5),
	(125, '2024-03-12 12:00:00', 6, 69.70, 8.50, 5, 1, 3, 'Sem cebola', 0.00, 6),
	(126, '2024-03-14 16:10:00', 7, 52.90, 5.50, NULL, 2, 2, 'Deixar na portaria', 0.00, 7),
	(127, '2024-03-16 18:45:00', 8, 122.00, 6.50, 6, 1, 1, 'Urgente', 0.00, 8),
	(128, '2024-03-18 12:20:00', 9, 77.90, 7.00, 7, 3, 3, 'Pedido recorrente', 0.00, 9),
	(129, '2024-03-21 14:50:00', 10, 55.00, 4.50, NULL, 1, 3, 'Sem troco', 0.00, 10),
	(130, '2024-03-23 13:15:00', 6, 46.70, 5.00, 4, 2, 2, 'Pedido para presente', 0.00, 11),
	(131, '2024-03-27 17:40:00', 1, 95.80, 6.00, NULL, 1, 1, 'Com pressa', 0.00, 12),
	(132, '2024-04-01 12:30:00', 1, 38.90, 5.00, 1, 1, 2, 'Sem queijo', 0.00, 1),
	(133, '2024-04-03 14:15:00', 2, 78.20, 6.00, 2, 2, 1, 'Troco para 100', 21.80, 2),
	(134, '2024-04-05 18:00:00', 3, 42.00, 3.50, NULL, 3, 3, NULL, 0.00, 3),
	(135, '2024-04-07 13:30:00', 4, 55.50, 4.00, 4, 1, 1, 'Extra molho', 0.00, 4),
	(136, '2024-04-09 15:45:00', 5, 68.90, 5.50, NULL, 3, 2, 'Entrega expressa', 0.00, 5),
	(137, '2024-04-10 12:00:00', 6, 99.70, 8.50, 5, 1, 3, 'Sem pimenta', 0.00, 6),
	(138, '2024-04-12 16:00:00', 7, 42.50, 5.00, NULL, 2, 2, 'Deixar com segurança', 0.00, 7),
	(139, '2024-04-14 19:00:00', 8, 110.00, 7.00, 6, 1, 1, 'Com pressa', 0.00, 8),
	(140, '2024-04-16 19:20:00', 9, 88.90, 7.50, 7, 3, 3, 'Sem gelo', 0.00, 9),
	(141, '2024-04-18 11:30:00', 10, 65.00, 4.50, NULL, 1, 3, 'Troco para 70', 5.00, 10),
	(142, '2024-04-21 13:15:00', 1, 30.70, 3.50, 2, 2, 2, 'Presente surpresa', 0.00, 11),
	(143, '2024-04-25 17:40:00', 1, 92.80, 6.00, NULL, 1, 1, 'Com urgência', 0.00, 12),
	(144, '2024-05-01 15:30:00', 1, 44.90, 5.00, NULL, 1, 2, 'Sem cebola', 0.00, 1),
	(145, '2024-05-03 13:10:00', 2, 75.50, 6.50, 3, 2, 1, 'Troco para 100', 24.50, 2),
	(146, '2024-05-05 18:20:00', 3, 31.00, 4.00, NULL, 3, 3, NULL, 0.00, 3),
	(147, '2024-05-07 13:50:00', 4, 20.50, 3.50, 1, 1, 1, 'Extra queijo', 0.00, 4),
	(148, '2024-05-09 15:40:00', 5, 47.80, 5.50, NULL, 3, 2, 'Entrega sem contato', 0.00, 5),
	(149, '2024-05-10 12:10:00', 6, 69.70, 8.00, 5, 1, 3, 'Sem cebola', 0.00, 6),
	(150, '2024-05-12 16:30:00', 7, 50.00, 5.00, NULL, 2, 2, 'Deixar na portaria', 0.00, 7),
	(151, '2024-05-14 18:45:00', 8, 120.00, 6.50, 6, 1, 1, 'Entrega até 19h', 0.00, 8),
	(152, '2024-05-16 20:00:00', 9, 45.90, 3.50, 7, 3, 3, 'Sem gelo', 0.00, 9),
	(153, '2024-05-20 14:10:00', 10, 55.00, 7.00, NULL, 1, 3, 'Pedido recorrente', 0.00, 10),
	(154, '2024-05-23 17:30:00', 1, 60.80, 6.00, NULL, 1, 1, 'Com pressa', 0.00, 11),
	(155, '2024-06-01 14:20:00', 1, 68.00, 5.50, NULL, 1, 2, 'Sem pimenta', 0.00, 1),
	(156, '2024-06-03 18:15:00', 2, 85.00, 6.50, 3, 2, 1, 'Troco para 100', 15.00, 2),
	(157, '2024-06-05 19:10:00', 3, 50.00, 3.50, NULL, 3, 3, NULL, 0.00, 3),
	(158, '2024-06-07 13:40:00', 4, 22.50, 4.00, 1, 1, 1, 'Extra molho', 0.00, 4),
	(159, '2024-06-09 15:30:00', 5, 56.80, 5.50, NULL, 3, 2, 'Entrega sem contato', 0.00, 5),
	(160, '2024-06-10 12:40:00', 6, 70.70, 8.00, 5, 1, 3, 'Sem cebola', 0.00, 6),
	(161, '2024-06-12 15:20:00', 7, 45.00, 5.00, NULL, 2, 2, 'Deixar com segurança', 0.00, 7),
	(162, '2024-06-14 19:45:00', 8, 130.00, 7.00, 6, 1, 1, 'Urgente', 0.00, 8),
	(163, '2024-06-16 18:30:00', 9, 76.90, 7.50, 7, 3, 3, 'Pedido recorrente', 0.00, 9),
	(164, '2024-06-18 12:50:00', 10, 62.00, 4.50, NULL, 1, 3, 'Sem troco', 0.00, 10),
	(165, '2024-06-21 13:10:00', 8, 48.70, 3.50, 2, 2, 2, 'Presente especial', 0.00, 11),
	(166, '2024-07-02 12:45:00', 1, 40.50, 5.00, NULL, 1, 1, 'Sem alho', 0.00, 1),
	(167, '2024-07-04 14:30:00', 2, 78.90, 6.00, 3, 2, 2, 'Troco para 80', 1.10, 2),
	(168, '2024-07-06 19:00:00', 3, 52.00, 4.50, NULL, 3, 3, NULL, 0.00, 3),
	(169, '2024-07-08 13:50:00', 4, 67.50, 5.00, 1, 1, 2, 'Extra molho', 0.00, 4),
	(170, '2024-07-10 16:20:00', 5, 59.80, 6.00, NULL, 3, 1, 'Entrega rápida', 0.00, 5),
	(171, '2024-07-12 11:15:00', 6, 101.70, 7.50, 5, 1, 3, 'Sem cebola e sem pimenta', 0.00, 6),
	(172, '2024-07-14 17:50:00', 7, 38.00, 5.00, NULL, 2, 2, 'Deixar com porteiro', 0.00, 7),
	(173, '2024-07-16 18:45:00', 8, 125.00, 8.00, 6, 1, 1, 'Entrega até 19h', 0.00, 8),
	(174, '2024-07-18 19:30:00', 9, 89.90, 7.00, 7, 3, 3, 'Sem gelo no suco', 0.00, 9),
	(175, '2024-07-20 14:20:00', 10, 58.00, 4.50, NULL, 1, 3, 'Pedido frequente', 0.00, 10),
	(176, '2024-07-22 12:10:00', 9, 35.70, 3.50, 2, 2, 2, 'Presente para amigo', 0.00, 11),
	(177, '2024-07-25 17:30:00', 1, 87.80, 6.50, NULL, 1, 1, 'Sem pressa', 0.00, 12),
	(178, '2024-08-01 13:20:00', 1, 65.40, 5.50, NULL, 1, 2, 'Sem pimenta', 0.00, 1),
	(179, '2024-08-03 18:15:00', 2, 90.00, 6.50, 3, 2, 1, 'Troco para 100', 10.00, 2),
	(180, '2024-08-05 19:40:00', 3, 44.00, 4.00, NULL, 3, 3, NULL, 0.00, 3),
	(181, '2024-08-07 14:00:00', 4, 30.50, 3.50, 1, 1, 1, 'Extra queijo', 0.00, 4),
	(182, '2024-08-09 15:50:00', 5, 68.80, 5.00, NULL, 3, 2, 'Entrega rápida', 0.00, 5),
	(183, '2024-08-10 12:40:00', 6, 72.70, 8.00, 5, 1, 3, 'Sem alho', 0.00, 6),
	(184, '2024-08-12 16:20:00', 7, 50.00, 5.00, NULL, 2, 2, 'Deixar com segurança', 0.00, 7),
	(185, '2024-08-14 19:10:00', 8, 135.00, 7.50, 6, 1, 1, 'Com urgência', 0.00, 8),
	(186, '2024-08-16 18:50:00', 9, 84.90, 6.50, 7, 3, 3, 'Pedido especial', 0.00, 9),
	(187, '2024-08-18 12:30:00', 10, 60.00, 4.00, NULL, 1, 3, 'Troco para 70', 10.00, 10),
	(188, '2024-08-20 14:00:00', 4, 50.70, 3.50, 2, 2, 2, 'Sem pressa', 0.00, 11),
	(200, '2024-01-02 12:00:00', 1, 45.90, 5.00, 1, 1, 2, 'Sem maionese', 0.00, 1),
	(201, '2024-01-03 13:15:00', 2, 68.50, 6.00, 3, 2, 1, 'Troco para 100', 31.50, 2),
	(202, '2024-01-04 18:30:00', 3, 33.30, 4.00, NULL, 3, 3, NULL, 0.00, 3),
	(203, '2024-01-05 19:45:00', 4, 21.50, 3.50, 2, 1, 1, 'Adicionar bacon extra', 0.00, 4),
	(204, '2024-01-07 14:00:00', 5, 58.80, 7.00, NULL, 3, 2, 'Entrega rápida', 0.00, 5),
	(205, '2024-01-10 12:20:00', 6, 80.70, 8.50, 5, 1, 3, 'Sem cebola', 0.00, 6),
	(206, '2024-01-12 16:10:00', 7, 42.90, 5.50, NULL, 2, 2, 'Deixar na portaria', 0.00, 7),
	(207, '2024-01-14 19:20:00', 8, 120.00, 6.00, 6, 1, 1, 'Urgente', 0.00, 8),
	(208, '2024-01-16 19:00:00', 9, 72.90, 7.00, 7, 3, 3, 'Pedido recorrente', 0.00, 9),
	(209, '2024-01-18 11:50:00', 10, 55.00, 4.50, NULL, 1, 3, 'Sem troco', 0.00, 10),
	(210, '2024-01-21 13:15:00', 6, 36.70, 5.00, 4, 2, 2, 'Pedido para presente', 0.00, 11),
	(211, '2024-01-25 17:40:00', 1, 89.80, 6.00, NULL, 1, 1, 'Com pressa', 0.00, 12),
	(212, '2024-02-01 12:45:00', 1, 62.90, 5.00, NULL, 1, 1, 'Sem pimenta', 0.00, 1),
	(213, '2024-02-02 18:10:00', 2, 33.80, 4.50, 1, 2, 2, 'Troco para 50', 16.20, 2),
	(214, '2024-02-04 11:00:00', 3, 49.70, 3.50, 3, 3, 3, NULL, 0.00, 3),
	(215, '2024-02-06 19:30:00', 4, 89.90, 6.00, 2, 1, 1, 'Adicionar molho extra', 0.00, 4),
	(216, '2024-02-09 15:45:00', 5, 77.80, 5.50, NULL, 3, 2, 'Entrega sem contato', 0.00, 5),
	(217, '2024-02-10 16:10:00', 6, 38.70, 8.00, 5, 1, 3, 'Sem cebola', 0.00, 6),
	(218, '2024-02-12 12:50:00', 7, 60.00, 4.00, NULL, 2, 2, 'Deixar na portaria', 0.00, 7),
	(219, '2024-02-14 18:20:00', 8, 98.00, 6.50, 6, 1, 1, 'Entrega até 18h', 0.00, 8),
	(220, '2024-02-17 20:15:00', 9, 40.90, 3.50, 7, 3, 3, 'Sem gelo no suco', 0.00, 9),
	(221, '2024-02-21 12:10:00', 10, 45.00, 7.50, NULL, 1, 3, 'Com pressa', 0.00, 10),
	(222, '2024-02-25 17:40:00', 2, 89.80, 6.00, NULL, 1, 1, 'Pedido recorrente', 0.00, 11),
	(223, '2024-03-01 14:30:00', 1, 59.80, 4.00, 1, 1, 2, 'Sem cebola', 0.00, 1),
	(224, '2024-03-03 11:15:00', 2, 72.50, 6.50, 3, 2, 1, 'Troco para 100', 27.50, 2),
	(225, '2024-03-05 18:40:00', 3, 39.90, 5.00, NULL, 3, 3, NULL, 0.00, 3),
	(226, '2024-03-07 13:00:00', 4, 25.50, 3.50, 2, 1, 1, 'Adicionar bacon extra', 0.00, 4),
	(227, '2024-03-10 15:20:00', 5, 47.80, 6.00, NULL, 3, 2, 'Entrega rápida', 0.00, 5),
	(228, '2024-03-12 12:00:00', 6, 69.70, 8.50, 5, 1, 3, 'Sem cebola', 0.00, 6),
	(229, '2024-03-14 16:10:00', 7, 52.90, 5.50, NULL, 2, 2, 'Deixar na portaria', 0.00, 7),
	(230, '2024-03-16 18:45:00', 8, 122.00, 6.50, 6, 1, 1, 'Urgente', 0.00, 8),
	(231, '2024-03-18 12:20:00', 9, 77.90, 7.00, 7, 3, 3, 'Pedido recorrente', 0.00, 9),
	(232, '2024-03-21 14:50:00', 10, 55.00, 4.50, NULL, 1, 3, 'Sem troco', 0.00, 10),
	(233, '2024-03-23 13:15:00', 6, 46.70, 5.00, 4, 2, 2, 'Pedido para presente', 0.00, 11),
	(234, '2024-03-27 17:40:00', 1, 95.80, 6.00, NULL, 1, 1, 'Com pressa', 0.00, 12),
	(235, '2024-04-01 12:30:00', 1, 38.90, 5.00, 1, 1, 2, 'Sem queijo', 0.00, 1),
	(236, '2024-04-03 14:15:00', 2, 78.20, 6.00, 2, 2, 1, 'Troco para 100', 21.80, 2),
	(237, '2024-04-05 18:00:00', 3, 42.00, 3.50, NULL, 3, 3, NULL, 0.00, 3),
	(238, '2024-04-07 13:30:00', 4, 55.50, 4.00, 4, 1, 1, 'Extra molho', 0.00, 4),
	(239, '2024-04-09 15:45:00', 5, 68.90, 5.50, NULL, 3, 2, 'Entrega expressa', 0.00, 5),
	(240, '2024-04-10 12:00:00', 6, 99.70, 8.50, 5, 1, 3, 'Sem pimenta', 0.00, 6),
	(241, '2024-04-12 16:00:00', 7, 42.50, 5.00, NULL, 2, 2, 'Deixar com segurança', 0.00, 7),
	(242, '2024-04-14 19:00:00', 8, 110.00, 7.00, 6, 1, 1, 'Com pressa', 0.00, 8),
	(243, '2024-04-16 19:20:00', 9, 88.90, 7.50, 7, 3, 3, 'Sem gelo', 0.00, 9),
	(244, '2024-04-18 11:30:00', 10, 65.00, 4.50, NULL, 1, 3, 'Troco para 70', 5.00, 10),
	(245, '2024-04-21 13:15:00', 1, 30.70, 3.50, 2, 2, 2, 'Presente surpresa', 0.00, 11),
	(246, '2024-04-25 17:40:00', 1, 92.80, 6.00, NULL, 1, 1, 'Com urgência', 0.00, 12),
	(247, '2024-05-01 15:30:00', 1, 44.90, 5.00, NULL, 1, 2, 'Sem cebola', 0.00, 1),
	(248, '2024-05-03 13:10:00', 2, 75.50, 6.50, 3, 2, 1, 'Troco para 100', 24.50, 2),
	(249, '2024-05-05 18:20:00', 3, 31.00, 4.00, NULL, 3, 3, NULL, 0.00, 3),
	(250, '2024-05-07 13:50:00', 4, 20.50, 3.50, 1, 1, 1, 'Extra queijo', 0.00, 4),
	(251, '2024-05-09 15:40:00', 5, 47.80, 5.50, NULL, 3, 2, 'Entrega sem contato', 0.00, 5),
	(252, '2024-05-10 12:10:00', 6, 69.70, 8.00, 5, 1, 3, 'Sem cebola', 0.00, 6),
	(253, '2024-05-12 16:30:00', 7, 50.00, 5.00, NULL, 2, 2, 'Deixar na portaria', 0.00, 7),
	(254, '2024-05-14 18:45:00', 8, 120.00, 6.50, 6, 1, 1, 'Entrega até 19h', 0.00, 8),
	(255, '2024-05-16 20:00:00', 9, 45.90, 3.50, 7, 3, 3, 'Sem gelo', 0.00, 9),
	(256, '2024-05-20 14:10:00', 10, 55.00, 7.00, NULL, 1, 3, 'Pedido recorrente', 0.00, 10),
	(257, '2024-05-23 17:30:00', 1, 60.80, 6.00, NULL, 1, 1, 'Com pressa', 0.00, 11),
	(258, '2024-06-01 14:20:00', 1, 68.00, 5.50, NULL, 1, 2, 'Sem pimenta', 0.00, 1),
	(259, '2024-06-03 18:15:00', 2, 85.00, 6.50, 3, 2, 1, 'Troco para 100', 15.00, 2),
	(260, '2024-06-05 19:10:00', 3, 50.00, 3.50, NULL, 3, 3, NULL, 0.00, 3),
	(261, '2024-06-07 13:40:00', 4, 22.50, 4.00, 1, 1, 1, 'Extra molho', 0.00, 4),
	(262, '2024-06-09 15:30:00', 5, 56.80, 5.50, NULL, 3, 2, 'Entrega sem contato', 0.00, 5),
	(263, '2024-06-10 12:40:00', 6, 70.70, 8.00, 5, 1, 3, 'Sem cebola', 0.00, 6),
	(264, '2024-06-12 15:20:00', 7, 45.00, 5.00, NULL, 2, 2, 'Deixar com segurança', 0.00, 7),
	(265, '2024-06-14 19:45:00', 8, 130.00, 7.00, 6, 1, 1, 'Urgente', 0.00, 8),
	(266, '2024-06-16 18:30:00', 9, 76.90, 7.50, 7, 3, 3, 'Pedido recorrente', 0.00, 9),
	(267, '2024-06-18 12:50:00', 10, 62.00, 4.50, NULL, 1, 3, 'Sem troco', 0.00, 10),
	(268, '2024-06-21 13:10:00', 8, 48.70, 3.50, 2, 2, 2, 'Presente especial', 0.00, 11),
	(269, '2024-07-02 12:45:00', 1, 40.50, 5.00, NULL, 1, 1, 'Sem alho', 0.00, 1),
	(270, '2024-07-04 14:30:00', 2, 78.90, 6.00, 3, 2, 2, 'Troco para 80', 1.10, 2),
	(271, '2024-07-06 19:00:00', 3, 52.00, 4.50, NULL, 3, 3, NULL, 0.00, 3),
	(272, '2024-07-08 13:50:00', 4, 67.50, 5.00, 1, 1, 2, 'Extra molho', 0.00, 4),
	(273, '2024-07-10 16:20:00', 5, 59.80, 6.00, NULL, 3, 1, 'Entrega rápida', 0.00, 5),
	(274, '2024-07-12 11:15:00', 6, 101.70, 7.50, 5, 1, 3, 'Sem cebola e sem pimenta', 0.00, 6),
	(275, '2024-07-14 17:50:00', 7, 38.00, 5.00, NULL, 2, 2, 'Deixar com porteiro', 0.00, 7),
	(276, '2024-07-16 18:45:00', 8, 125.00, 8.00, 6, 1, 1, 'Entrega até 19h', 0.00, 8),
	(277, '2024-07-18 19:30:00', 9, 89.90, 7.00, 7, 3, 3, 'Sem gelo no suco', 0.00, 9),
	(278, '2024-07-20 14:20:00', 10, 58.00, 4.50, NULL, 1, 3, 'Pedido frequente', 0.00, 10),
	(279, '2024-07-22 12:10:00', 9, 35.70, 3.50, 2, 2, 2, 'Presente para amigo', 0.00, 11),
	(280, '2024-07-25 17:30:00', 1, 87.80, 6.50, NULL, 1, 1, 'Sem pressa', 0.00, 12),
	(281, '2024-08-01 13:20:00', 1, 65.40, 5.50, NULL, 1, 2, 'Sem pimenta', 0.00, 1),
	(282, '2024-08-03 18:15:00', 2, 90.00, 6.50, 3, 2, 1, 'Troco para 100', 10.00, 2),
	(283, '2024-08-05 19:40:00', 3, 44.00, 4.00, NULL, 3, 3, NULL, 0.00, 3),
	(284, '2024-08-07 14:00:00', 4, 30.50, 3.50, 1, 1, 1, 'Extra queijo', 0.00, 4),
	(285, '2024-08-09 15:50:00', 5, 68.80, 5.00, NULL, 3, 2, 'Entrega rápida', 0.00, 5),
	(286, '2024-08-10 12:40:00', 6, 72.70, 8.00, 5, 1, 3, 'Sem alho', 0.00, 6),
	(287, '2024-08-12 16:20:00', 7, 50.00, 5.00, NULL, 2, 2, 'Deixar com segurança', 0.00, 7),
	(288, '2024-08-14 19:10:00', 8, 135.00, 7.50, 6, 1, 1, 'Com urgência', 0.00, 8),
	(289, '2024-08-16 18:50:00', 9, 84.90, 6.50, 7, 3, 3, 'Pedido especial', 0.00, 9),
	(290, '2024-08-18 12:30:00', 10, 60.00, 4.00, NULL, 1, 3, 'Troco para 70', 10.00, 10),
	(291, '2024-08-20 14:00:00', 4, 50.70, 3.50, 2, 2, 2, 'Sem pressa', 0.00, 11),
	(292, '2024-09-02 14:45:00', 1, 52.90, 5.00, NULL, 1, 1, 'Sem alho e cebola', 0.00, 1),
	(293, '2024-09-04 15:30:00', 2, 85.00, 6.00, 3, 2, 2, 'Troco para 90', 5.00, 2),
	(294, '2024-09-06 19:10:00', 3, 53.00, 4.50, NULL, 3, 3, NULL, 0.00, 3),
	(295, '2024-09-08 14:50:00', 4, 75.50, 5.50, 1, 1, 1, 'Extra molho', 0.00, 4),
	(296, '2024-09-10 16:30:00', 5, 67.80, 6.00, NULL, 3, 2, 'Entrega urgente', 0.00, 5),
	(297, '2024-09-12 11:45:00', 6, 92.70, 8.00, 5, 1, 3, 'Sem cebola', 0.00, 6),
	(298, '2024-09-14 17:40:00', 7, 45.00, 5.00, NULL, 2, 2, 'Deixar com porteiro', 0.00, 7),
	(299, '2024-09-16 18:20:00', 8, 115.00, 7.50, 6, 1, 1, 'Entrega antes das 19h', 0.00, 8),
	(300, '2024-09-18 19:35:00', 9, 95.90, 7.00, 7, 3, 3, 'Sem gelo no refrigerante', 0.00, 9),
	(301, '2024-09-20 12:15:00', 10, 55.00, 4.50, NULL, 1, 3, 'Pedido recorrente', 0.00, 10),
	(302, '2024-09-22 12:00:00', 8, 45.70, 3.50, 2, 2, 2, 'Sem pressa', 0.00, 11),
	(314, '2024-01-02 12:00:00', 1, 45.90, 5.00, 1, 1, 2, 'Sem maionese', 0.00, 1),
	(315, '2024-01-03 13:15:00', 2, 68.50, 6.00, 3, 2, 1, 'Troco para 100', 31.50, 2),
	(316, '2024-01-04 18:30:00', 3, 33.30, 4.00, NULL, 3, 3, NULL, 0.00, 3),
	(317, '2024-01-05 19:45:00', 4, 21.50, 3.50, 2, 1, 1, 'Adicionar bacon extra', 0.00, 4),
	(318, '2024-01-07 14:00:00', 5, 58.80, 7.00, NULL, 3, 2, 'Entrega rápida', 0.00, 5),
	(319, '2024-01-10 12:20:00', 6, 80.70, 8.50, 5, 1, 3, 'Sem cebola', 0.00, 6),
	(320, '2024-01-12 16:10:00', 7, 42.90, 5.50, NULL, 2, 2, 'Deixar na portaria', 0.00, 7),
	(321, '2024-01-14 19:20:00', 8, 120.00, 6.00, 6, 1, 1, 'Urgente', 0.00, 8),
	(322, '2024-01-16 19:00:00', 9, 72.90, 7.00, 7, 3, 3, 'Pedido recorrente', 0.00, 9),
	(323, '2024-01-18 11:50:00', 10, 55.00, 4.50, NULL, 1, 3, 'Sem troco', 0.00, 10),
	(324, '2024-01-21 13:15:00', 6, 36.70, 5.00, 4, 2, 2, 'Pedido para presente', 0.00, 11),
	(325, '2024-01-25 17:40:00', 1, 89.80, 6.00, NULL, 1, 1, 'Com pressa', 0.00, 12),
	(326, '2024-02-01 12:45:00', 1, 62.90, 5.00, NULL, 1, 1, 'Sem pimenta', 0.00, 1),
	(327, '2024-02-02 18:10:00', 2, 33.80, 4.50, 1, 2, 2, 'Troco para 50', 16.20, 2),
	(328, '2024-02-04 11:00:00', 3, 49.70, 3.50, 3, 3, 3, NULL, 0.00, 3),
	(329, '2024-02-06 19:30:00', 4, 89.90, 6.00, 2, 1, 1, 'Adicionar molho extra', 0.00, 4),
	(330, '2024-02-09 15:45:00', 5, 77.80, 5.50, NULL, 3, 2, 'Entrega sem contato', 0.00, 5),
	(331, '2024-02-10 16:10:00', 6, 38.70, 8.00, 5, 1, 3, 'Sem cebola', 0.00, 6),
	(332, '2024-02-12 12:50:00', 7, 60.00, 4.00, NULL, 2, 2, 'Deixar na portaria', 0.00, 7),
	(333, '2024-02-14 18:20:00', 8, 98.00, 6.50, 6, 1, 1, 'Entrega até 18h', 0.00, 8),
	(334, '2024-02-17 20:15:00', 9, 40.90, 3.50, 7, 3, 3, 'Sem gelo no suco', 0.00, 9),
	(335, '2024-02-21 12:10:00', 10, 45.00, 7.50, NULL, 1, 3, 'Com pressa', 0.00, 10),
	(336, '2024-02-25 17:40:00', 2, 89.80, 6.00, NULL, 1, 1, 'Pedido recorrente', 0.00, 11),
	(337, '2024-03-01 14:30:00', 1, 59.80, 4.00, 1, 1, 2, 'Sem cebola', 0.00, 1),
	(338, '2024-03-03 11:15:00', 2, 72.50, 6.50, 3, 2, 1, 'Troco para 100', 27.50, 2),
	(339, '2024-03-05 18:40:00', 3, 39.90, 5.00, NULL, 3, 3, NULL, 0.00, 3),
	(340, '2024-03-07 13:00:00', 4, 25.50, 3.50, 2, 1, 1, 'Adicionar bacon extra', 0.00, 4),
	(341, '2024-03-10 15:20:00', 5, 47.80, 6.00, NULL, 3, 2, 'Entrega rápida', 0.00, 5),
	(342, '2024-03-12 12:00:00', 6, 69.70, 8.50, 5, 1, 3, 'Sem cebola', 0.00, 6),
	(343, '2024-03-14 16:10:00', 7, 52.90, 5.50, NULL, 2, 2, 'Deixar na portaria', 0.00, 7),
	(344, '2024-03-16 18:45:00', 8, 122.00, 6.50, 6, 1, 1, 'Urgente', 0.00, 8),
	(345, '2024-03-18 12:20:00', 9, 77.90, 7.00, 7, 3, 3, 'Pedido recorrente', 0.00, 9),
	(346, '2024-03-21 14:50:00', 10, 55.00, 4.50, NULL, 1, 3, 'Sem troco', 0.00, 10),
	(347, '2024-03-23 13:15:00', 6, 46.70, 5.00, 4, 2, 2, 'Pedido para presente', 0.00, 11),
	(348, '2024-03-27 17:40:00', 1, 95.80, 6.00, NULL, 1, 1, 'Com pressa', 0.00, 12),
	(349, '2024-04-01 12:30:00', 1, 38.90, 5.00, 1, 1, 2, 'Sem queijo', 0.00, 1),
	(350, '2024-04-03 14:15:00', 2, 78.20, 6.00, 2, 2, 1, 'Troco para 100', 21.80, 2),
	(351, '2024-04-05 18:00:00', 3, 42.00, 3.50, NULL, 3, 3, NULL, 0.00, 3),
	(352, '2024-04-07 13:30:00', 4, 55.50, 4.00, 4, 1, 1, 'Extra molho', 0.00, 4),
	(353, '2024-04-09 15:45:00', 5, 68.90, 5.50, NULL, 3, 2, 'Entrega expressa', 0.00, 5),
	(354, '2024-04-10 12:00:00', 6, 99.70, 8.50, 5, 1, 3, 'Sem pimenta', 0.00, 6),
	(355, '2024-04-12 16:00:00', 7, 42.50, 5.00, NULL, 2, 2, 'Deixar com segurança', 0.00, 7),
	(356, '2024-04-14 19:00:00', 8, 110.00, 7.00, 6, 1, 1, 'Com pressa', 0.00, 8),
	(357, '2024-04-16 19:20:00', 9, 88.90, 7.50, 7, 3, 3, 'Sem gelo', 0.00, 9),
	(358, '2024-04-18 11:30:00', 10, 65.00, 4.50, NULL, 1, 3, 'Troco para 70', 5.00, 10),
	(359, '2024-04-21 13:15:00', 1, 30.70, 3.50, 2, 2, 2, 'Presente surpresa', 0.00, 11),
	(360, '2024-04-25 17:40:00', 1, 92.80, 6.00, NULL, 1, 1, 'Com urgência', 0.00, 12),
	(361, '2024-05-01 15:30:00', 1, 44.90, 5.00, NULL, 1, 2, 'Sem cebola', 0.00, 1),
	(362, '2024-05-03 13:10:00', 2, 75.50, 6.50, 3, 2, 1, 'Troco para 100', 24.50, 2),
	(363, '2024-05-05 18:20:00', 3, 31.00, 4.00, NULL, 3, 3, NULL, 0.00, 3),
	(364, '2024-05-07 13:50:00', 4, 20.50, 3.50, 1, 1, 1, 'Extra queijo', 0.00, 4),
	(365, '2024-05-09 15:40:00', 5, 47.80, 5.50, NULL, 3, 2, 'Entrega sem contato', 0.00, 5),
	(366, '2024-05-10 12:10:00', 6, 69.70, 8.00, 5, 1, 3, 'Sem cebola', 0.00, 6),
	(367, '2024-05-12 16:30:00', 7, 50.00, 5.00, NULL, 2, 2, 'Deixar na portaria', 0.00, 7),
	(368, '2024-05-14 18:45:00', 8, 120.00, 6.50, 6, 1, 1, 'Entrega até 19h', 0.00, 8),
	(369, '2024-05-16 20:00:00', 9, 45.90, 3.50, 7, 3, 3, 'Sem gelo', 0.00, 9),
	(370, '2024-05-20 14:10:00', 10, 55.00, 7.00, NULL, 1, 3, 'Pedido recorrente', 0.00, 10),
	(371, '2024-05-23 17:30:00', 1, 60.80, 6.00, NULL, 1, 1, 'Com pressa', 0.00, 11),
	(372, '2024-06-01 14:20:00', 1, 68.00, 5.50, NULL, 1, 2, 'Sem pimenta', 0.00, 1),
	(373, '2024-06-03 18:15:00', 2, 85.00, 6.50, 3, 2, 1, 'Troco para 100', 15.00, 2),
	(374, '2024-06-05 19:10:00', 3, 50.00, 3.50, NULL, 3, 3, NULL, 0.00, 3),
	(375, '2024-06-07 13:40:00', 4, 22.50, 4.00, 1, 1, 1, 'Extra molho', 0.00, 4),
	(376, '2024-06-09 15:30:00', 5, 56.80, 5.50, NULL, 3, 2, 'Entrega sem contato', 0.00, 5),
	(377, '2024-06-10 12:40:00', 6, 70.70, 8.00, 5, 1, 3, 'Sem cebola', 0.00, 6),
	(378, '2024-06-12 15:20:00', 7, 45.00, 5.00, NULL, 2, 2, 'Deixar com segurança', 0.00, 7),
	(379, '2024-06-14 19:45:00', 8, 130.00, 7.00, 6, 1, 1, 'Urgente', 0.00, 8),
	(380, '2024-06-16 18:30:00', 9, 76.90, 7.50, 7, 3, 3, 'Pedido recorrente', 0.00, 9),
	(381, '2024-06-18 12:50:00', 10, 62.00, 4.50, NULL, 1, 3, 'Sem troco', 0.00, 10),
	(382, '2024-06-21 13:10:00', 8, 48.70, 3.50, 2, 2, 2, 'Presente especial', 0.00, 11),
	(383, '2024-07-02 12:45:00', 1, 40.50, 5.00, NULL, 1, 1, 'Sem alho', 0.00, 1),
	(384, '2024-07-04 14:30:00', 2, 78.90, 6.00, 3, 2, 2, 'Troco para 80', 1.10, 2),
	(385, '2024-07-06 19:00:00', 3, 52.00, 4.50, NULL, 3, 3, NULL, 0.00, 3),
	(386, '2024-07-08 13:50:00', 4, 67.50, 5.00, 1, 1, 2, 'Extra molho', 0.00, 4),
	(387, '2024-07-10 16:20:00', 5, 59.80, 6.00, NULL, 3, 1, 'Entrega rápida', 0.00, 5),
	(388, '2024-07-12 11:15:00', 6, 101.70, 7.50, 5, 1, 3, 'Sem cebola e sem pimenta', 0.00, 6),
	(389, '2024-07-14 17:50:00', 7, 38.00, 5.00, NULL, 2, 2, 'Deixar com porteiro', 0.00, 7),
	(390, '2024-07-16 18:45:00', 8, 125.00, 8.00, 6, 1, 1, 'Entrega até 19h', 0.00, 8),
	(391, '2024-07-18 19:30:00', 9, 89.90, 7.00, 7, 3, 3, 'Sem gelo no suco', 0.00, 9),
	(392, '2024-07-20 14:20:00', 10, 58.00, 4.50, NULL, 1, 3, 'Pedido frequente', 0.00, 10),
	(393, '2024-07-22 12:10:00', 9, 35.70, 3.50, 2, 2, 2, 'Presente para amigo', 0.00, 11),
	(394, '2024-07-25 17:30:00', 1, 87.80, 6.50, NULL, 1, 1, 'Sem pressa', 0.00, 12),
	(395, '2024-08-01 13:20:00', 1, 65.40, 5.50, NULL, 1, 2, 'Sem pimenta', 0.00, 1),
	(396, '2024-08-03 18:15:00', 2, 90.00, 6.50, 3, 2, 1, 'Troco para 100', 10.00, 2),
	(397, '2024-08-05 19:40:00', 3, 44.00, 4.00, NULL, 3, 3, NULL, 0.00, 3),
	(398, '2024-08-07 14:00:00', 4, 30.50, 3.50, 1, 1, 1, 'Extra queijo', 0.00, 4),
	(399, '2024-08-09 15:50:00', 5, 68.80, 5.00, NULL, 3, 2, 'Entrega rápida', 0.00, 5),
	(400, '2024-08-10 12:40:00', 6, 72.70, 8.00, 5, 1, 3, 'Sem alho', 0.00, 6),
	(401, '2024-08-12 16:20:00', 7, 50.00, 5.00, NULL, 2, 2, 'Deixar com segurança', 0.00, 7),
	(402, '2024-08-14 19:10:00', 8, 135.00, 7.50, 6, 1, 1, 'Com urgência', 0.00, 8),
	(403, '2024-08-16 18:50:00', 9, 84.90, 6.50, 7, 3, 3, 'Pedido especial', 0.00, 9),
	(404, '2024-08-18 12:30:00', 10, 60.00, 4.00, NULL, 1, 3, 'Troco para 70', 10.00, 10),
	(405, '2024-08-20 14:00:00', 4, 50.70, 3.50, 2, 2, 2, 'Sem pressa', 0.00, 11),
	(406, '2024-09-02 14:45:00', 1, 52.90, 5.00, NULL, 1, 1, 'Sem alho e cebola', 0.00, 1),
	(407, '2024-09-04 15:30:00', 2, 85.00, 6.00, 3, 2, 2, 'Troco para 90', 5.00, 2),
	(408, '2024-09-06 19:10:00', 3, 53.00, 4.50, NULL, 3, 3, NULL, 0.00, 3),
	(409, '2024-09-08 14:50:00', 4, 75.50, 5.50, 1, 1, 1, 'Extra molho', 0.00, 4),
	(410, '2024-09-10 16:30:00', 5, 67.80, 6.00, NULL, 3, 2, 'Entrega urgente', 0.00, 5),
	(411, '2024-09-12 11:45:00', 6, 92.70, 8.00, 5, 1, 3, 'Sem cebola', 0.00, 6),
	(412, '2024-09-14 17:40:00', 7, 45.00, 5.00, NULL, 2, 2, 'Deixar com porteiro', 0.00, 7),
	(413, '2024-09-16 18:20:00', 8, 115.00, 7.50, 6, 1, 1, 'Entrega antes das 19h', 0.00, 8),
	(414, '2024-09-18 19:35:00', 9, 95.90, 7.00, 7, 3, 3, 'Sem gelo no refrigerante', 0.00, 9),
	(415, '2024-09-20 12:15:00', 10, 55.00, 4.50, NULL, 1, 3, 'Pedido recorrente', 0.00, 10),
	(416, '2024-09-22 12:00:00', 8, 45.70, 3.50, 2, 2, 2, 'Sem pressa', 0.00, 11),
	(417, '2024-10-01 12:40:00', 1, 58.90, 5.50, NULL, 1, 1, 'Sem salada', 0.00, 1),
	(418, '2024-10-03 18:15:00', 2, 90.50, 6.50, 3, 2, 2, 'Troco para 100', 9.50, 2),
	(419, '2024-10-05 19:30:00', 3, 42.30, 4.00, NULL, 3, 3, NULL, 0.00, 3),
	(420, '2024-10-07 13:50:00', 4, 78.20, 5.00, 1, 1, 1, 'Extra queijo', 0.00, 4),
	(421, '2024-10-09 15:10:00', 5, 67.80, 5.50, NULL, 3, 2, 'Sem pressa', 0.00, 5),
	(422, '2024-10-11 11:30:00', 6, 94.70, 8.00, 5, 1, 3, 'Sem cebola', 0.00, 6),
	(423, '2024-10-13 17:20:00', 7, 40.00, 5.00, NULL, 2, 2, 'Deixar na portaria', 0.00, 7),
	(424, '2024-10-15 18:50:00', 8, 110.00, 7.50, 6, 1, 1, 'Com urgência', 0.00, 8),
	(425, '2024-10-17 19:40:00', 9, 98.90, 7.00, 7, 3, 3, 'Pedido para festa', 0.00, 9),
	(426, '2024-10-19 14:25:00', 10, 60.00, 4.50, NULL, 1, 3, 'Troco para 70', 10.00, 10),
	(427, '2024-10-21 12:15:00', 3, 50.70, 3.50, 2, 2, 2, 'Sem gelo', 0.00, 11),
	(428, '2024-11-02 13:30:00', 1, 60.00, 5.00, NULL, 1, 1, 'Sem molho', 0.00, 1),
	(429, '2024-11-04 19:00:00', 2, 92.80, 6.00, 3, 2, 2, 'Troco para 100', 7.20, 2),
	(430, '2024-11-06 18:40:00', 3, 45.50, 4.50, NULL, 3, 3, NULL, 0.00, 3),
	(431, '2024-11-08 14:10:00', 4, 85.20, 5.50, 1, 1, 1, 'Sem cebola', 0.00, 4),
	(432, '2024-11-10 15:00:00', 5, 72.90, 6.00, NULL, 3, 2, 'Com gelo', 0.00, 5),
	(433, '2024-11-12 12:20:00', 6, 100.70, 8.50, 5, 1, 3, 'Sem alho', 0.00, 6),
	(434, '2024-11-14 16:10:00', 7, 49.00, 5.50, NULL, 2, 2, 'Deixar com porteiro', 0.00, 7),
	(435, '2024-11-16 19:30:00', 8, 128.50, 7.50, 6, 1, 1, 'Entrega rápida', 0.00, 8),
	(436, '2024-11-18 19:50:00', 9, 95.90, 7.00, 7, 3, 3, 'Pedido especial', 0.00, 9),
	(437, '2024-11-20 12:10:00', 10, 55.00, 4.00, NULL, 1, 3, 'Troco para 60', 5.00, 10),
	(438, '2024-11-22 12:30:00', 9, 48.70, 3.50, 2, 2, 2, 'Pedido recorrente', 0.00, 11),
	(439, '2024-12-01 13:00:00', 1, 68.50, 5.00, NULL, 1, 1, 'Sem queijo', 0.00, 1),
	(440, '2024-12-03 18:45:00', 2, 94.30, 6.00, 3, 2, 2, 'Troco para 100', 5.70, 2),
	(441, '2024-12-05 18:20:00', 3, 48.00, 4.50, NULL, 3, 3, NULL, 0.00, 3),
	(442, '2024-12-07 13:30:00', 4, 80.20, 5.50, 1, 1, 1, 'Sem pressa', 0.00, 4),
	(443, '2024-12-09 15:45:00', 5, 75.90, 6.00, NULL, 3, 2, 'Entrega rápida', 0.00, 5),
	(444, '2024-12-11 12:30:00', 6, 103.70, 8.50, 5, 1, 3, 'Sem alho e cebola', 0.00, 6),
	(445, '2024-12-13 16:15:00', 7, 55.00, 5.00, NULL, 2, 2, 'Deixar na portaria', 0.00, 7),
	(446, '2024-12-15 19:00:00', 8, 135.50, 7.50, 6, 1, 1, 'Urgente', 0.00, 8),
	(447, '2024-12-17 20:15:00', 9, 100.90, 7.00, 7, 3, 3, 'Sem açúcar', 0.00, 9),
	(448, '2024-12-19 14:40:00', 10, 60.00, 4.50, NULL, 1, 3, 'Troco para 70', 10.00, 10),
	(449, '2024-12-21 12:20:00', 3, 50.70, 3.50, 2, 2, 2, 'Pedido especial', 0.00, 11),
	(450, '2024-01-02 12:00:00', 1, 45.90, 5.00, 1, 1, 2, 'Sem maionese', 0.00, 1),
	(451, '2024-01-03 13:15:00', 2, 68.50, 6.00, 3, 2, 1, 'Troco para 100', 31.50, 2),
	(452, '2024-01-04 18:30:00', 3, 33.30, 4.00, NULL, 3, 3, NULL, 0.00, 3),
	(453, '2024-01-05 19:45:00', 4, 21.50, 3.50, 2, 1, 1, 'Adicionar bacon extra', 0.00, 4),
	(454, '2024-01-07 14:00:00', 5, 58.80, 7.00, NULL, 3, 2, 'Entrega rápida', 0.00, 5),
	(455, '2024-01-10 12:20:00', 6, 80.70, 8.50, 5, 1, 3, 'Sem cebola', 0.00, 6),
	(456, '2024-01-12 16:10:00', 7, 42.90, 5.50, NULL, 2, 2, 'Deixar na portaria', 0.00, 7),
	(457, '2024-01-14 19:20:00', 8, 120.00, 6.00, 6, 1, 1, 'Urgente', 0.00, 8),
	(458, '2024-01-16 19:00:00', 9, 72.90, 7.00, 7, 3, 3, 'Pedido recorrente', 0.00, 9),
	(459, '2024-01-18 11:50:00', 10, 55.00, 4.50, NULL, 1, 3, 'Sem troco', 0.00, 10),
	(460, '2024-01-21 13:15:00', 6, 36.70, 5.00, 4, 2, 2, 'Pedido para presente', 0.00, 11),
	(461, '2024-01-25 17:40:00', 1, 89.80, 6.00, NULL, 1, 1, 'Com pressa', 0.00, 12),
	(462, '2024-02-01 12:45:00', 1, 62.90, 5.00, NULL, 1, 1, 'Sem pimenta', 0.00, 1),
	(463, '2024-02-02 18:10:00', 2, 33.80, 4.50, 1, 2, 2, 'Troco para 50', 16.20, 2),
	(464, '2024-02-04 11:00:00', 3, 49.70, 3.50, 3, 3, 3, NULL, 0.00, 3),
	(465, '2024-02-06 19:30:00', 4, 89.90, 6.00, 2, 1, 1, 'Adicionar molho extra', 0.00, 4),
	(466, '2024-02-09 15:45:00', 5, 77.80, 5.50, NULL, 3, 2, 'Entrega sem contato', 0.00, 5),
	(467, '2024-02-10 16:10:00', 6, 38.70, 8.00, 5, 1, 3, 'Sem cebola', 0.00, 6),
	(468, '2024-02-12 12:50:00', 7, 60.00, 4.00, NULL, 2, 2, 'Deixar na portaria', 0.00, 7),
	(469, '2024-02-14 18:20:00', 8, 98.00, 6.50, 6, 1, 1, 'Entrega até 18h', 0.00, 8),
	(470, '2024-02-17 20:15:00', 9, 40.90, 3.50, 7, 3, 3, 'Sem gelo no suco', 0.00, 9),
	(471, '2024-02-21 12:10:00', 10, 45.00, 7.50, NULL, 1, 3, 'Com pressa', 0.00, 10),
	(472, '2024-02-25 17:40:00', 2, 89.80, 6.00, NULL, 1, 1, 'Pedido recorrente', 0.00, 11),
	(473, '2024-03-01 14:30:00', 1, 59.80, 4.00, 1, 1, 2, 'Sem cebola', 0.00, 1),
	(474, '2024-03-03 11:15:00', 2, 72.50, 6.50, 3, 2, 1, 'Troco para 100', 27.50, 2),
	(475, '2024-03-05 18:40:00', 3, 39.90, 5.00, NULL, 3, 3, NULL, 0.00, 3),
	(476, '2024-03-07 13:00:00', 4, 25.50, 3.50, 2, 1, 1, 'Adicionar bacon extra', 0.00, 4),
	(477, '2024-03-10 15:20:00', 5, 47.80, 6.00, NULL, 3, 2, 'Entrega rápida', 0.00, 5),
	(478, '2024-03-12 12:00:00', 6, 69.70, 8.50, 5, 1, 3, 'Sem cebola', 0.00, 6),
	(479, '2024-03-14 16:10:00', 7, 52.90, 5.50, NULL, 2, 2, 'Deixar na portaria', 0.00, 7),
	(480, '2024-03-16 18:45:00', 8, 122.00, 6.50, 6, 1, 1, 'Urgente', 0.00, 8),
	(481, '2024-03-18 12:20:00', 9, 77.90, 7.00, 7, 3, 3, 'Pedido recorrente', 0.00, 9),
	(482, '2024-03-21 14:50:00', 10, 55.00, 4.50, NULL, 1, 3, 'Sem troco', 0.00, 10),
	(483, '2024-03-23 13:15:00', 6, 46.70, 5.00, 4, 2, 2, 'Pedido para presente', 0.00, 11),
	(484, '2024-03-27 17:40:00', 1, 95.80, 6.00, NULL, 1, 1, 'Com pressa', 0.00, 12),
	(485, '2024-04-01 12:30:00', 1, 38.90, 5.00, 1, 1, 2, 'Sem queijo', 0.00, 1),
	(486, '2024-04-03 14:15:00', 2, 78.20, 6.00, 2, 2, 1, 'Troco para 100', 21.80, 2),
	(487, '2024-04-05 18:00:00', 3, 42.00, 3.50, NULL, 3, 3, NULL, 0.00, 3),
	(488, '2024-04-07 13:30:00', 4, 55.50, 4.00, 4, 1, 1, 'Extra molho', 0.00, 4),
	(489, '2024-04-09 15:45:00', 5, 68.90, 5.50, NULL, 3, 2, 'Entrega expressa', 0.00, 5),
	(490, '2024-04-10 12:00:00', 6, 99.70, 8.50, 5, 1, 3, 'Sem pimenta', 0.00, 6),
	(491, '2024-04-12 16:00:00', 7, 42.50, 5.00, NULL, 2, 2, 'Deixar com segurança', 0.00, 7),
	(492, '2024-04-14 19:00:00', 8, 110.00, 7.00, 6, 1, 1, 'Com pressa', 0.00, 8),
	(493, '2024-04-16 19:20:00', 9, 88.90, 7.50, 7, 3, 3, 'Sem gelo', 0.00, 9),
	(494, '2024-04-18 11:30:00', 10, 65.00, 4.50, NULL, 1, 3, 'Troco para 70', 5.00, 10),
	(495, '2024-04-21 13:15:00', 1, 30.70, 3.50, 2, 2, 2, 'Presente surpresa', 0.00, 11),
	(496, '2024-04-25 17:40:00', 1, 92.80, 6.00, NULL, 1, 1, 'Com urgência', 0.00, 12),
	(497, '2024-05-01 15:30:00', 1, 44.90, 5.00, NULL, 1, 2, 'Sem cebola', 0.00, 1),
	(498, '2024-05-03 13:10:00', 2, 75.50, 6.50, 3, 2, 1, 'Troco para 100', 24.50, 2),
	(499, '2024-05-05 18:20:00', 3, 31.00, 4.00, NULL, 3, 3, NULL, 0.00, 3),
	(500, '2024-05-07 13:50:00', 4, 20.50, 3.50, 1, 1, 1, 'Extra queijo', 0.00, 4),
	(501, '2024-05-09 15:40:00', 5, 47.80, 5.50, NULL, 3, 2, 'Entrega sem contato', 0.00, 5),
	(502, '2024-05-10 12:10:00', 6, 69.70, 8.00, 5, 1, 3, 'Sem cebola', 0.00, 6),
	(503, '2024-05-12 16:30:00', 7, 50.00, 5.00, NULL, 2, 2, 'Deixar na portaria', 0.00, 7),
	(504, '2024-05-14 18:45:00', 8, 120.00, 6.50, 6, 1, 1, 'Entrega até 19h', 0.00, 8),
	(505, '2024-05-16 20:00:00', 9, 45.90, 3.50, 7, 3, 3, 'Sem gelo', 0.00, 9),
	(506, '2024-05-20 14:10:00', 10, 55.00, 7.00, NULL, 1, 3, 'Pedido recorrente', 0.00, 10),
	(507, '2024-05-23 17:30:00', 1, 60.80, 6.00, NULL, 1, 1, 'Com pressa', 0.00, 11),
	(508, '2024-06-01 14:20:00', 1, 68.00, 5.50, NULL, 1, 2, 'Sem pimenta', 0.00, 1),
	(509, '2024-06-03 18:15:00', 2, 85.00, 6.50, 3, 2, 1, 'Troco para 100', 15.00, 2),
	(510, '2024-06-05 19:10:00', 3, 50.00, 3.50, NULL, 3, 3, NULL, 0.00, 3),
	(511, '2024-06-07 13:40:00', 4, 22.50, 4.00, 1, 1, 1, 'Extra molho', 0.00, 4),
	(512, '2024-06-09 15:30:00', 5, 56.80, 5.50, NULL, 3, 2, 'Entrega sem contato', 0.00, 5),
	(513, '2024-06-10 12:40:00', 6, 70.70, 8.00, 5, 1, 3, 'Sem cebola', 0.00, 6),
	(514, '2024-06-12 15:20:00', 7, 45.00, 5.00, NULL, 2, 2, 'Deixar com segurança', 0.00, 7),
	(515, '2024-06-14 19:45:00', 8, 130.00, 7.00, 6, 1, 1, 'Urgente', 0.00, 8),
	(516, '2024-06-16 18:30:00', 9, 76.90, 7.50, 7, 3, 3, 'Pedido recorrente', 0.00, 9),
	(517, '2024-06-18 12:50:00', 10, 62.00, 4.50, NULL, 1, 3, 'Sem troco', 0.00, 10),
	(518, '2024-06-21 13:10:00', 8, 48.70, 3.50, 2, 2, 2, 'Presente especial', 0.00, 11),
	(519, '2024-07-02 12:45:00', 1, 40.50, 5.00, NULL, 1, 1, 'Sem alho', 0.00, 1),
	(520, '2024-07-04 14:30:00', 2, 78.90, 6.00, 3, 2, 2, 'Troco para 80', 1.10, 2),
	(521, '2024-07-06 19:00:00', 3, 52.00, 4.50, NULL, 3, 3, NULL, 0.00, 3),
	(522, '2024-07-08 13:50:00', 4, 67.50, 5.00, 1, 1, 2, 'Extra molho', 0.00, 4),
	(523, '2024-07-10 16:20:00', 5, 59.80, 6.00, NULL, 3, 1, 'Entrega rápida', 0.00, 5),
	(524, '2024-07-12 11:15:00', 6, 101.70, 7.50, 5, 1, 3, 'Sem cebola e sem pimenta', 0.00, 6),
	(525, '2024-07-14 17:50:00', 7, 38.00, 5.00, NULL, 2, 2, 'Deixar com porteiro', 0.00, 7),
	(526, '2024-07-16 18:45:00', 8, 125.00, 8.00, 6, 1, 1, 'Entrega até 19h', 0.00, 8),
	(527, '2024-07-18 19:30:00', 9, 89.90, 7.00, 7, 3, 3, 'Sem gelo no suco', 0.00, 9),
	(528, '2024-07-20 14:20:00', 10, 58.00, 4.50, NULL, 1, 3, 'Pedido frequente', 0.00, 10),
	(529, '2024-07-22 12:10:00', 9, 35.70, 3.50, 2, 2, 2, 'Presente para amigo', 0.00, 11),
	(530, '2024-07-25 17:30:00', 1, 87.80, 6.50, NULL, 1, 1, 'Sem pressa', 0.00, 12),
	(531, '2024-08-01 13:20:00', 1, 65.40, 5.50, NULL, 1, 2, 'Sem pimenta', 0.00, 1),
	(532, '2024-08-03 18:15:00', 2, 90.00, 6.50, 3, 2, 1, 'Troco para 100', 10.00, 2),
	(533, '2024-08-05 19:40:00', 3, 44.00, 4.00, NULL, 3, 3, NULL, 0.00, 3),
	(534, '2024-08-07 14:00:00', 4, 30.50, 3.50, 1, 1, 1, 'Extra queijo', 0.00, 4),
	(535, '2024-08-09 15:50:00', 5, 68.80, 5.00, NULL, 3, 2, 'Entrega rápida', 0.00, 5),
	(536, '2024-08-10 12:40:00', 6, 72.70, 8.00, 5, 1, 3, 'Sem alho', 0.00, 6),
	(537, '2024-08-12 16:20:00', 7, 50.00, 5.00, NULL, 2, 2, 'Deixar com segurança', 0.00, 7),
	(538, '2024-08-14 19:10:00', 8, 135.00, 7.50, 6, 1, 1, 'Com urgência', 0.00, 8),
	(539, '2024-08-16 18:50:00', 9, 84.90, 6.50, 7, 3, 3, 'Pedido especial', 0.00, 9),
	(540, '2024-08-18 12:30:00', 10, 60.00, 4.00, NULL, 1, 3, 'Troco para 70', 10.00, 10),
	(541, '2024-08-20 14:00:00', 4, 50.70, 3.50, 2, 2, 2, 'Sem pressa', 0.00, 11),
	(542, '2024-09-02 14:45:00', 1, 52.90, 5.00, NULL, 1, 1, 'Sem alho e cebola', 0.00, 1),
	(543, '2024-09-04 15:30:00', 2, 85.00, 6.00, 3, 2, 2, 'Troco para 90', 5.00, 2),
	(544, '2024-09-06 19:10:00', 3, 53.00, 4.50, NULL, 3, 3, NULL, 0.00, 3),
	(545, '2024-09-08 14:50:00', 4, 75.50, 5.50, 1, 1, 1, 'Extra molho', 0.00, 4),
	(546, '2024-09-10 16:30:00', 5, 67.80, 6.00, NULL, 3, 2, 'Entrega urgente', 0.00, 5),
	(547, '2024-09-12 11:45:00', 6, 92.70, 8.00, 5, 1, 3, 'Sem cebola', 0.00, 6),
	(548, '2024-09-14 17:40:00', 7, 45.00, 5.00, NULL, 2, 2, 'Deixar com porteiro', 0.00, 7),
	(549, '2024-09-16 18:20:00', 8, 115.00, 7.50, 6, 1, 1, 'Entrega antes das 19h', 0.00, 8),
	(550, '2024-09-18 19:35:00', 9, 95.90, 7.00, 7, 3, 3, 'Sem gelo no refrigerante', 0.00, 9),
	(551, '2024-09-20 12:15:00', 10, 55.00, 4.50, NULL, 1, 3, 'Pedido recorrente', 0.00, 10),
	(552, '2024-09-22 12:00:00', 8, 45.70, 3.50, 2, 2, 2, 'Sem pressa', 0.00, 11),
	(553, '2024-10-01 12:40:00', 1, 58.90, 5.50, NULL, 1, 1, 'Sem salada', 0.00, 1),
	(554, '2024-10-03 18:15:00', 2, 90.50, 6.50, 3, 2, 2, 'Troco para 100', 9.50, 2),
	(555, '2024-10-05 19:30:00', 3, 42.30, 4.00, NULL, 3, 3, NULL, 0.00, 3),
	(556, '2024-10-07 13:50:00', 4, 78.20, 5.00, 1, 1, 1, 'Extra queijo', 0.00, 4),
	(557, '2024-10-09 15:10:00', 5, 67.80, 5.50, NULL, 3, 2, 'Sem pressa', 0.00, 5),
	(558, '2024-10-11 11:30:00', 6, 94.70, 8.00, 5, 1, 3, 'Sem cebola', 0.00, 6),
	(559, '2024-10-13 17:20:00', 7, 40.00, 5.00, NULL, 2, 2, 'Deixar na portaria', 0.00, 7),
	(560, '2024-10-15 18:50:00', 8, 110.00, 7.50, 6, 1, 1, 'Com urgência', 0.00, 8),
	(561, '2024-10-17 19:40:00', 9, 98.90, 7.00, 7, 3, 3, 'Pedido para festa', 0.00, 9),
	(562, '2024-10-19 14:25:00', 10, 60.00, 4.50, NULL, 1, 3, 'Troco para 70', 10.00, 10),
	(563, '2024-10-21 12:15:00', 3, 50.70, 3.50, 2, 2, 2, 'Sem gelo', 0.00, 11),
	(564, '2024-11-02 13:30:00', 1, 60.00, 5.00, NULL, 1, 1, 'Sem molho', 0.00, 1),
	(565, '2024-11-04 19:00:00', 2, 92.80, 6.00, 3, 2, 2, 'Troco para 100', 7.20, 2),
	(566, '2024-11-06 18:40:00', 3, 45.50, 4.50, NULL, 3, 3, NULL, 0.00, 3),
	(567, '2024-11-08 14:10:00', 4, 85.20, 5.50, 1, 1, 1, 'Sem cebola', 0.00, 4),
	(568, '2024-11-10 15:00:00', 5, 72.90, 6.00, NULL, 3, 2, 'Com gelo', 0.00, 5),
	(569, '2024-11-12 12:20:00', 6, 100.70, 8.50, 5, 1, 3, 'Sem alho', 0.00, 6),
	(570, '2024-11-14 16:10:00', 7, 49.00, 5.50, NULL, 2, 2, 'Deixar com porteiro', 0.00, 7),
	(571, '2024-11-16 19:30:00', 8, 128.50, 7.50, 6, 1, 1, 'Entrega rápida', 0.00, 8),
	(572, '2024-11-18 19:50:00', 9, 95.90, 7.00, 7, 3, 3, 'Pedido especial', 0.00, 9),
	(573, '2024-11-20 12:10:00', 10, 55.00, 4.00, NULL, 1, 3, 'Troco para 60', 5.00, 10),
	(574, '2024-11-22 12:30:00', 9, 48.70, 3.50, 2, 2, 2, 'Pedido recorrente', 0.00, 11),
	(575, '2024-12-01 13:00:00', 1, 68.50, 5.00, NULL, 1, 1, 'Sem queijo', 0.00, 1),
	(576, '2024-12-03 18:45:00', 2, 94.30, 6.00, 3, 2, 2, 'Troco para 100', 5.70, 2),
	(577, '2024-12-05 18:20:00', 3, 48.00, 4.50, NULL, 3, 3, NULL, 0.00, 3),
	(578, '2024-12-07 13:30:00', 4, 80.20, 5.50, 1, 1, 1, 'Sem pressa', 0.00, 4),
	(579, '2024-12-09 15:45:00', 5, 75.90, 6.00, NULL, 3, 2, 'Entrega rápida', 0.00, 5),
	(580, '2024-12-11 12:30:00', 6, 103.70, 8.50, 5, 1, 3, 'Sem alho e cebola', 0.00, 6),
	(581, '2024-12-13 16:15:00', 7, 55.00, 5.00, NULL, 2, 2, 'Deixar na portaria', 0.00, 7),
	(582, '2024-12-15 19:00:00', 8, 135.50, 7.50, 6, 1, 1, 'Urgente', 0.00, 8),
	(583, '2024-12-17 20:15:00', 9, 100.90, 7.00, 7, 3, 3, 'Sem açúcar', 0.00, 9),
	(584, '2024-12-19 14:40:00', 10, 60.00, 4.50, NULL, 1, 3, 'Troco para 70', 10.00, 10),
	(585, '2024-12-21 12:20:00', 3, 50.70, 3.50, 2, 2, 2, 'Pedido especial', 0.00, 11),
	(586, '2024-01-02 12:00:00', 1, 45.90, 5.00, 1, 1, 2, 'Sem maionese', 0.00, 1),
	(587, '2024-01-03 13:15:00', 2, 68.50, 6.00, 3, 2, 1, 'Troco para 100', 31.50, 2),
	(588, '2024-01-04 18:30:00', 3, 33.30, 4.00, NULL, 3, 3, NULL, 0.00, 3),
	(589, '2024-01-05 19:45:00', 4, 21.50, 3.50, 2, 1, 1, 'Adicionar bacon extra', 0.00, 4),
	(590, '2024-01-07 14:00:00', 5, 58.80, 7.00, NULL, 3, 2, 'Entrega rápida', 0.00, 5),
	(591, '2024-01-10 12:20:00', 6, 80.70, 8.50, 5, 1, 3, 'Sem cebola', 0.00, 6),
	(592, '2024-01-12 16:10:00', 7, 42.90, 5.50, NULL, 2, 2, 'Deixar na portaria', 0.00, 7),
	(593, '2024-01-14 19:20:00', 8, 120.00, 6.00, 6, 1, 1, 'Urgente', 0.00, 8),
	(594, '2024-01-16 19:00:00', 9, 72.90, 7.00, 7, 3, 3, 'Pedido recorrente', 0.00, 9),
	(595, '2024-01-18 11:50:00', 10, 55.00, 4.50, NULL, 1, 3, 'Sem troco', 0.00, 10),
	(596, '2024-01-21 13:15:00', 6, 36.70, 5.00, 4, 2, 2, 'Pedido para presente', 0.00, 11),
	(597, '2024-01-25 17:40:00', 1, 89.80, 6.00, NULL, 1, 1, 'Com pressa', 0.00, 12),
	(598, '2024-02-01 12:45:00', 1, 62.90, 5.00, NULL, 1, 1, 'Sem pimenta', 0.00, 1),
	(599, '2024-02-02 18:10:00', 2, 33.80, 4.50, 1, 2, 2, 'Troco para 50', 16.20, 2),
	(600, '2024-02-04 11:00:00', 3, 49.70, 3.50, 3, 3, 3, NULL, 0.00, 3),
	(601, '2024-02-06 19:30:00', 4, 89.90, 6.00, 2, 1, 1, 'Adicionar molho extra', 0.00, 4),
	(602, '2024-02-09 15:45:00', 5, 77.80, 5.50, NULL, 3, 2, 'Entrega sem contato', 0.00, 5),
	(603, '2024-02-10 16:10:00', 6, 38.70, 8.00, 5, 1, 3, 'Sem cebola', 0.00, 6),
	(604, '2024-02-12 12:50:00', 7, 60.00, 4.00, NULL, 2, 2, 'Deixar na portaria', 0.00, 7),
	(605, '2024-02-14 18:20:00', 8, 98.00, 6.50, 6, 1, 1, 'Entrega até 18h', 0.00, 8),
	(606, '2024-02-17 20:15:00', 9, 40.90, 3.50, 7, 3, 3, 'Sem gelo no suco', 0.00, 9),
	(607, '2024-02-21 12:10:00', 10, 45.00, 7.50, NULL, 1, 3, 'Com pressa', 0.00, 10),
	(608, '2024-02-25 17:40:00', 2, 89.80, 6.00, NULL, 1, 1, 'Pedido recorrente', 0.00, 11),
	(609, '2024-03-01 14:30:00', 1, 59.80, 4.00, 1, 1, 2, 'Sem cebola', 0.00, 1),
	(610, '2024-03-03 11:15:00', 2, 72.50, 6.50, 3, 2, 1, 'Troco para 100', 27.50, 2),
	(611, '2024-03-05 18:40:00', 3, 39.90, 5.00, NULL, 3, 3, NULL, 0.00, 3),
	(612, '2024-03-07 13:00:00', 4, 25.50, 3.50, 2, 1, 1, 'Adicionar bacon extra', 0.00, 4),
	(613, '2024-03-10 15:20:00', 5, 47.80, 6.00, NULL, 3, 2, 'Entrega rápida', 0.00, 5),
	(614, '2024-03-12 12:00:00', 6, 69.70, 8.50, 5, 1, 3, 'Sem cebola', 0.00, 6),
	(615, '2024-03-14 16:10:00', 7, 52.90, 5.50, NULL, 2, 2, 'Deixar na portaria', 0.00, 7),
	(616, '2024-03-16 18:45:00', 8, 122.00, 6.50, 6, 1, 1, 'Urgente', 0.00, 8),
	(617, '2024-03-18 12:20:00', 9, 77.90, 7.00, 7, 3, 3, 'Pedido recorrente', 0.00, 9),
	(618, '2024-03-21 14:50:00', 10, 55.00, 4.50, NULL, 1, 3, 'Sem troco', 0.00, 10),
	(619, '2024-03-23 13:15:00', 6, 46.70, 5.00, 4, 2, 2, 'Pedido para presente', 0.00, 11),
	(620, '2024-03-27 17:40:00', 1, 95.80, 6.00, NULL, 1, 1, 'Com pressa', 0.00, 12),
	(621, '2024-04-01 12:30:00', 1, 38.90, 5.00, 1, 1, 2, 'Sem queijo', 0.00, 1),
	(622, '2024-04-03 14:15:00', 2, 78.20, 6.00, 2, 2, 1, 'Troco para 100', 21.80, 2),
	(623, '2024-04-05 18:00:00', 3, 42.00, 3.50, NULL, 3, 3, NULL, 0.00, 3),
	(624, '2024-04-07 13:30:00', 4, 55.50, 4.00, 4, 1, 1, 'Extra molho', 0.00, 4),
	(625, '2024-04-09 15:45:00', 5, 68.90, 5.50, NULL, 3, 2, 'Entrega expressa', 0.00, 5),
	(626, '2024-04-10 12:00:00', 6, 99.70, 8.50, 5, 1, 3, 'Sem pimenta', 0.00, 6),
	(627, '2024-04-12 16:00:00', 7, 42.50, 5.00, NULL, 2, 2, 'Deixar com segurança', 0.00, 7),
	(628, '2024-04-14 19:00:00', 8, 110.00, 7.00, 6, 1, 1, 'Com pressa', 0.00, 8),
	(629, '2024-04-16 19:20:00', 9, 88.90, 7.50, 7, 3, 3, 'Sem gelo', 0.00, 9),
	(630, '2024-04-18 11:30:00', 10, 65.00, 4.50, NULL, 1, 3, 'Troco para 70', 5.00, 10),
	(631, '2024-04-21 13:15:00', 1, 30.70, 3.50, 2, 2, 2, 'Presente surpresa', 0.00, 11),
	(632, '2024-04-25 17:40:00', 1, 92.80, 6.00, NULL, 1, 1, 'Com urgência', 0.00, 12),
	(633, '2024-05-01 15:30:00', 1, 44.90, 5.00, NULL, 1, 2, 'Sem cebola', 0.00, 1),
	(634, '2024-05-03 13:10:00', 2, 75.50, 6.50, 3, 2, 1, 'Troco para 100', 24.50, 2),
	(635, '2024-05-05 18:20:00', 3, 31.00, 4.00, NULL, 3, 3, NULL, 0.00, 3),
	(636, '2024-05-07 13:50:00', 4, 20.50, 3.50, 1, 1, 1, 'Extra queijo', 0.00, 4),
	(637, '2024-05-09 15:40:00', 5, 47.80, 5.50, NULL, 3, 2, 'Entrega sem contato', 0.00, 5),
	(638, '2024-05-10 12:10:00', 6, 69.70, 8.00, 5, 1, 3, 'Sem cebola', 0.00, 6),
	(639, '2024-05-12 16:30:00', 7, 50.00, 5.00, NULL, 2, 2, 'Deixar na portaria', 0.00, 7),
	(640, '2024-05-14 18:45:00', 8, 120.00, 6.50, 6, 1, 1, 'Entrega até 19h', 0.00, 8),
	(641, '2024-05-16 20:00:00', 9, 45.90, 3.50, 7, 3, 3, 'Sem gelo', 0.00, 9),
	(642, '2024-05-20 14:10:00', 10, 55.00, 7.00, NULL, 1, 3, 'Pedido recorrente', 0.00, 10),
	(643, '2024-05-23 17:30:00', 1, 60.80, 6.00, NULL, 1, 1, 'Com pressa', 0.00, 11),
	(644, '2024-06-01 14:20:00', 1, 68.00, 5.50, NULL, 1, 2, 'Sem pimenta', 0.00, 1),
	(645, '2024-06-03 18:15:00', 2, 85.00, 6.50, 3, 2, 1, 'Troco para 100', 15.00, 2),
	(646, '2024-06-05 19:10:00', 3, 50.00, 3.50, NULL, 3, 3, NULL, 0.00, 3),
	(647, '2024-06-07 13:40:00', 4, 22.50, 4.00, 1, 1, 1, 'Extra molho', 0.00, 4),
	(648, '2024-06-09 15:30:00', 5, 56.80, 5.50, NULL, 3, 2, 'Entrega sem contato', 0.00, 5),
	(649, '2024-06-10 12:40:00', 6, 70.70, 8.00, 5, 1, 3, 'Sem cebola', 0.00, 6),
	(650, '2024-06-12 15:20:00', 7, 45.00, 5.00, NULL, 2, 2, 'Deixar com segurança', 0.00, 7),
	(651, '2024-06-14 19:45:00', 8, 130.00, 7.00, 6, 1, 1, 'Urgente', 0.00, 8),
	(652, '2024-06-16 18:30:00', 9, 76.90, 7.50, 7, 3, 3, 'Pedido recorrente', 0.00, 9),
	(653, '2024-06-18 12:50:00', 10, 62.00, 4.50, NULL, 1, 3, 'Sem troco', 0.00, 10),
	(654, '2024-06-21 13:10:00', 8, 48.70, 3.50, 2, 2, 2, 'Presente especial', 0.00, 11),
	(655, '2024-07-02 12:45:00', 1, 40.50, 5.00, NULL, 1, 1, 'Sem alho', 0.00, 1),
	(656, '2024-07-04 14:30:00', 2, 78.90, 6.00, 3, 2, 2, 'Troco para 80', 1.10, 2),
	(657, '2024-07-06 19:00:00', 3, 52.00, 4.50, NULL, 3, 3, NULL, 0.00, 3),
	(658, '2024-07-08 13:50:00', 4, 67.50, 5.00, 1, 1, 2, 'Extra molho', 0.00, 4),
	(659, '2024-07-10 16:20:00', 5, 59.80, 6.00, NULL, 3, 1, 'Entrega rápida', 0.00, 5),
	(660, '2024-07-12 11:15:00', 6, 101.70, 7.50, 5, 1, 3, 'Sem cebola e sem pimenta', 0.00, 6),
	(661, '2024-07-14 17:50:00', 7, 38.00, 5.00, NULL, 2, 2, 'Deixar com porteiro', 0.00, 7),
	(662, '2024-07-16 18:45:00', 8, 125.00, 8.00, 6, 1, 1, 'Entrega até 19h', 0.00, 8),
	(663, '2024-07-18 19:30:00', 9, 89.90, 7.00, 7, 3, 3, 'Sem gelo no suco', 0.00, 9),
	(664, '2024-07-20 14:20:00', 10, 58.00, 4.50, NULL, 1, 3, 'Pedido frequente', 0.00, 10),
	(665, '2024-07-22 12:10:00', 9, 35.70, 3.50, 2, 2, 2, 'Presente para amigo', 0.00, 11),
	(666, '2024-07-25 17:30:00', 1, 87.80, 6.50, NULL, 1, 1, 'Sem pressa', 0.00, 12),
	(667, '2024-08-01 13:20:00', 1, 65.40, 5.50, NULL, 1, 2, 'Sem pimenta', 0.00, 1),
	(668, '2024-08-03 18:15:00', 2, 90.00, 6.50, 3, 2, 1, 'Troco para 100', 10.00, 2),
	(669, '2024-08-05 19:40:00', 3, 44.00, 4.00, NULL, 3, 3, NULL, 0.00, 3),
	(670, '2024-08-07 14:00:00', 4, 30.50, 3.50, 1, 1, 1, 'Extra queijo', 0.00, 4),
	(671, '2024-08-09 15:50:00', 5, 68.80, 5.00, NULL, 3, 2, 'Entrega rápida', 0.00, 5),
	(672, '2024-08-10 12:40:00', 6, 72.70, 8.00, 5, 1, 3, 'Sem alho', 0.00, 6),
	(673, '2024-08-12 16:20:00', 7, 50.00, 5.00, NULL, 2, 2, 'Deixar com segurança', 0.00, 7),
	(674, '2024-08-14 19:10:00', 8, 135.00, 7.50, 6, 1, 1, 'Com urgência', 0.00, 8),
	(675, '2024-08-16 18:50:00', 9, 84.90, 6.50, 7, 3, 3, 'Pedido especial', 0.00, 9),
	(676, '2024-08-18 12:30:00', 10, 60.00, 4.00, NULL, 1, 3, 'Troco para 70', 10.00, 10),
	(677, '2024-08-20 14:00:00', 4, 50.70, 3.50, 2, 2, 2, 'Sem pressa', 0.00, 11),
	(678, '2024-09-02 14:45:00', 1, 52.90, 5.00, NULL, 1, 1, 'Sem alho e cebola', 0.00, 1),
	(679, '2024-09-04 15:30:00', 2, 85.00, 6.00, 3, 2, 2, 'Troco para 90', 5.00, 2),
	(680, '2024-09-06 19:10:00', 3, 53.00, 4.50, NULL, 3, 3, NULL, 0.00, 3),
	(681, '2024-09-08 14:50:00', 4, 75.50, 5.50, 1, 1, 1, 'Extra molho', 0.00, 4),
	(682, '2024-09-10 16:30:00', 5, 67.80, 6.00, NULL, 3, 2, 'Entrega urgente', 0.00, 5),
	(683, '2024-09-12 11:45:00', 6, 92.70, 8.00, 5, 1, 3, 'Sem cebola', 0.00, 6),
	(684, '2024-09-14 17:40:00', 7, 45.00, 5.00, NULL, 2, 2, 'Deixar com porteiro', 0.00, 7),
	(685, '2024-09-16 18:20:00', 8, 115.00, 7.50, 6, 1, 1, 'Entrega antes das 19h', 0.00, 8),
	(686, '2024-09-18 19:35:00', 9, 95.90, 7.00, 7, 3, 3, 'Sem gelo no refrigerante', 0.00, 9),
	(687, '2024-09-20 12:15:00', 10, 55.00, 4.50, NULL, 1, 3, 'Pedido recorrente', 0.00, 10),
	(688, '2024-09-22 12:00:00', 8, 45.70, 3.50, 2, 2, 2, 'Sem pressa', 0.00, 11),
	(689, '2024-10-01 12:40:00', 1, 58.90, 5.50, NULL, 1, 1, 'Sem salada', 0.00, 1),
	(690, '2024-10-03 18:15:00', 2, 90.50, 6.50, 3, 2, 2, 'Troco para 100', 9.50, 2),
	(691, '2024-10-05 19:30:00', 3, 42.30, 4.00, NULL, 3, 3, NULL, 0.00, 3),
	(692, '2024-10-07 13:50:00', 4, 78.20, 5.00, 1, 1, 1, 'Extra queijo', 0.00, 4),
	(693, '2024-10-09 15:10:00', 5, 67.80, 5.50, NULL, 3, 2, 'Sem pressa', 0.00, 5),
	(694, '2024-10-11 11:30:00', 6, 94.70, 8.00, 5, 1, 3, 'Sem cebola', 0.00, 6),
	(695, '2024-10-13 17:20:00', 7, 40.00, 5.00, NULL, 2, 2, 'Deixar na portaria', 0.00, 7),
	(696, '2024-10-15 18:50:00', 8, 110.00, 7.50, 6, 1, 1, 'Com urgência', 0.00, 8),
	(697, '2024-10-17 19:40:00', 9, 98.90, 7.00, 7, 3, 3, 'Pedido para festa', 0.00, 9),
	(698, '2024-10-19 14:25:00', 10, 60.00, 4.50, NULL, 1, 3, 'Troco para 70', 10.00, 10),
	(699, '2024-10-21 12:15:00', 3, 50.70, 3.50, 2, 2, 2, 'Sem gelo', 0.00, 11),
	(700, '2024-11-02 13:30:00', 1, 60.00, 5.00, NULL, 1, 1, 'Sem molho', 0.00, 1),
	(701, '2024-11-04 19:00:00', 2, 92.80, 6.00, 3, 2, 2, 'Troco para 100', 7.20, 2),
	(702, '2024-11-06 18:40:00', 3, 45.50, 4.50, NULL, 3, 3, NULL, 0.00, 3),
	(703, '2024-11-08 14:10:00', 4, 85.20, 5.50, 1, 1, 1, 'Sem cebola', 0.00, 4),
	(704, '2024-11-10 15:00:00', 5, 72.90, 6.00, NULL, 3, 2, 'Com gelo', 0.00, 5),
	(705, '2024-11-12 12:20:00', 6, 100.70, 8.50, 5, 1, 3, 'Sem alho', 0.00, 6),
	(706, '2024-11-14 16:10:00', 7, 49.00, 5.50, NULL, 2, 2, 'Deixar com porteiro', 0.00, 7),
	(707, '2024-11-16 19:30:00', 8, 128.50, 7.50, 6, 1, 1, 'Entrega rápida', 0.00, 8),
	(708, '2024-11-18 19:50:00', 9, 95.90, 7.00, 7, 3, 3, 'Pedido especial', 0.00, 9),
	(709, '2024-11-20 12:10:00', 10, 55.00, 4.00, NULL, 1, 3, 'Troco para 60', 5.00, 10),
	(710, '2024-11-22 12:30:00', 9, 48.70, 3.50, 2, 2, 2, 'Pedido recorrente', 0.00, 11),
	(711, '2024-12-01 13:00:00', 1, 68.50, 5.00, NULL, 1, 1, 'Sem queijo', 0.00, 1),
	(712, '2024-12-03 18:45:00', 2, 94.30, 6.00, 3, 2, 2, 'Troco para 100', 5.70, 2),
	(713, '2024-12-05 18:20:00', 3, 48.00, 4.50, NULL, 3, 3, NULL, 0.00, 3),
	(714, '2024-12-07 13:30:00', 4, 80.20, 5.50, 1, 1, 1, 'Sem pressa', 0.00, 4),
	(715, '2024-12-09 15:45:00', 5, 75.90, 6.00, NULL, 3, 2, 'Entrega rápida', 0.00, 5),
	(716, '2024-12-11 12:30:00', 6, 103.70, 8.50, 5, 1, 3, 'Sem alho e cebola', 0.00, 6),
	(717, '2024-12-13 16:15:00', 7, 55.00, 5.00, NULL, 2, 2, 'Deixar na portaria', 0.00, 7),
	(718, '2024-12-15 19:00:00', 8, 135.50, 7.50, 6, 1, 1, 'Urgente', 0.00, 8),
	(719, '2024-12-17 20:15:00', 9, 100.90, 7.00, 7, 3, 3, 'Sem açúcar', 0.00, 9),
	(720, '2024-12-19 14:40:00', 10, 60.00, 4.50, NULL, 1, 3, 'Troco para 70', 10.00, 10),
	(721, '2024-12-21 12:20:00', 3, 50.70, 3.50, 2, 2, 2, 'Pedido especial', 0.00, 11);

-- Copiando estrutura para tabela projetoif.pedido_produto
CREATE TABLE IF NOT EXISTS `pedido_produto` (
  `id` int NOT NULL AUTO_INCREMENT,
  `id_pedido` int DEFAULT NULL,
  `id_produto` int DEFAULT NULL,
  `quantidade` int NOT NULL,
  PRIMARY KEY (`id`),
  KEY `id_pedido` (`id_pedido`),
  KEY `id_produto` (`id_produto`),
  CONSTRAINT `pedido_produto_ibfk_1` FOREIGN KEY (`id_pedido`) REFERENCES `pedido` (`id`),
  CONSTRAINT `pedido_produto_ibfk_2` FOREIGN KEY (`id_produto`) REFERENCES `produto` (`id`)
) ENGINE=InnoDB AUTO_INCREMENT=12 DEFAULT CHARSET=utf8mb4 COLLATE=utf8mb4_0900_ai_ci;

-- Copiando dados para a tabela projetoif.pedido_produto: ~11 rows (aproximadamente)
INSERT INTO `pedido_produto` (`id`, `id_pedido`, `id_produto`, `quantidade`) VALUES
	(1, 51, 1, 2),
	(2, 51, 2, 1),
	(3, 52, 3, 1),
	(4, 53, 4, 3),
	(5, 54, 5, 2),
	(6, 55, 6, 1),
	(7, 56, 7, 5),
	(8, 57, 8, 2),
	(9, 58, 9, 1),
	(10, 59, 10, 3),
	(11, 60, 1, 1);

-- Copiando estrutura para tabela projetoif.produto
CREATE TABLE IF NOT EXISTS `produto` (
  `id` int NOT NULL AUTO_INCREMENT,
  `nome` varchar(255) NOT NULL,
  `descricao` text,
  `preco` double NOT NULL DEFAULT (0),
  `categoria_id` int DEFAULT NULL,
  `restaurante_id` int DEFAULT NULL,
  PRIMARY KEY (`id`),
  KEY `categoria_id` (`categoria_id`),
  KEY `restaurante_id` (`restaurante_id`),
  CONSTRAINT `produto_ibfk_1` FOREIGN KEY (`categoria_id`) REFERENCES `categoria` (`id`),
  CONSTRAINT `produto_ibfk_2` FOREIGN KEY (`restaurante_id`) REFERENCES `restaurante` (`id`)
) ENGINE=InnoDB AUTO_INCREMENT=21 DEFAULT CHARSET=utf8mb4 COLLATE=utf8mb4_0900_ai_ci;

-- Copiando dados para a tabela projetoif.produto: ~20 rows (aproximadamente)
INSERT INTO `produto` (`id`, `nome`, `descricao`, `preco`, `categoria_id`, `restaurante_id`) VALUES
	(1, 'Pizza Margherita', 'Queijo, tomate e manjericão', 39.900001525878906, 1, 1),
	(2, 'Pizza Calabresa', 'Calabresa, cebola e queijo', 42.900001525878906, 1, 10),
	(3, 'Hambúrguer Clássico', 'Carne, queijo, salada e molho especial', 29.899999618530273, 2, 2),
	(4, 'Combo Família', 'Pizza grande + refrigerante', 59.900001525878906, 1, 1),
	(5, 'Sorvete de Chocolate', 'Chocolate artesanal', 12.899999618530273, 3, 3),
	(6, 'Suco Detox', 'Suco natural com frutas verdes', 10.899999618530273, 4, 4),
	(7, 'Refrigerante 2L', 'Coca-Cola, Fanta ou Guaraná', 8.899999618530273, 5, 4),
	(8, 'Espetinho de Carne', 'Carne assada no espeto', 15.899999618530273, 6, 5),
	(9, 'Brownie', 'Doce de chocolate com castanhas', 8.5, 7, 6),
	(10, 'Café Expresso', 'Café puro e forte', 6.900000095367432, 9, 9),
	(11, 'Ramen', 'Uma sopa com caldo a base de osso de porco', 14, 10, 8),
	(12, 'Lasanha vegana', 'Lasanha deliçiosa vegana', 22, 8, 7),
	(13, 'Hambúrguer Gourmet', 'Carne dupla,queijo,salada, molho especial, alface e cebola', 38, 2, 2),
	(14, 'Açaí ', 'Sorvete de açaí recheios a escolha', 11, 3, 3),
	(15, 'Espetinho de Carne suína', 'Linguiças otimas no espeto', 20, 6, 5),
	(16, 'Bolo red velvet', 'Bolo avemelhado lindo e gostoso', 87, 7, 6),
	(17, 'Strogonoff de cogumelos', 'Prato cremoso, feito com cogumelos ', 22, 8, 7),
	(18, 'Sashimi', 'Iguaria de peixes e frutos do mar', 18, 10, 8),
	(19, 'Café Especial ', 'Café isento de impurezas ', 9, 9, 9),
	(20, 'Pizza itáliana', 'Mozzarella de leite de vaca, cabra ou búfala, manjericão e azeite', 34, 1, 10);

-- Copiando estrutura para tabela projetoif.promocao
CREATE TABLE IF NOT EXISTS `promocao` (
  `id` int NOT NULL AUTO_INCREMENT,
  `nome` varchar(255) NOT NULL,
  `codigo` varchar(50) NOT NULL,
  `tipo` varchar(50) DEFAULT NULL,
  `valor` decimal(10,2) NOT NULL,
  `validade` date NOT NULL,
  PRIMARY KEY (`id`)
) ENGINE=InnoDB AUTO_INCREMENT=16 DEFAULT CHARSET=utf8mb4 COLLATE=utf8mb4_0900_ai_ci;

-- Copiando dados para a tabela projetoif.promocao: ~15 rows (aproximadamente)
INSERT INTO `promocao` (`id`, `nome`, `codigo`, `tipo`, `valor`, `validade`) VALUES
	(1, 'Promoção Black Friday', 'BLACKFRI23', 'Desconto', 20.00, '2024-12-01'),
	(2, 'Frete Grátis', 'FRETEGRATIS', 'Frete', 0.00, '2024-11-30'),
	(3, 'Desconto Aniversário', 'ANIVERSARIO', 'Desconto', 15.00, '2025-01-01'),
	(4, 'Desconto Combo', 'COMBO10', 'Desconto', 10.00, '2024-12-31'),
	(5, 'Natal Premiado', 'NATALPREMIO', 'Desconto', 25.00, '2024-12-25'),
	(6, 'Promoção Primeira Compra', 'BEMVINDO', 'Desconto', 30.00, '2025-01-15'),
	(7, 'Desconto Relâmpago', 'RELAMPAGO', 'Desconto', 5.00, '2024-11-25'),
	(8, 'Cashback Especial', 'CASHBACK20', 'Cashback', 20.00, '2024-12-10'),
	(9, 'Promoção Amigos', 'AMIGOS10', 'Desconto', 10.00, '2025-01-31'),
	(10, 'Cupom Inverno', 'INVERNO15', 'Desconto', 15.00, '2025-02-01'),
	(11, 'Desconto por Avaliação', 'AVALIEE10', 'Desconto', 10.00, '2025-03-01'),
	(12, 'Especial do Dia', 'DIAESPECIAL', 'Desconto', 7.50, '2024-11-20'),
	(13, 'Desconto Leve 3 Pague 2', 'LEVE3PAG2', 'Desconto', 12.00, '2024-12-15'),
	(14, 'Promoção de Combo', 'COMBODIA', 'Desconto', 18.00, '2025-01-10'),
	(15, 'Oferta de Fim de Semana', 'FIMSEMANA20', 'Desconto', 20.00, '2025-02-15');

-- Copiando estrutura para tabela projetoif.restaurante
CREATE TABLE IF NOT EXISTS `restaurante` (
  `id` int NOT NULL AUTO_INCREMENT,
  `nome` varchar(255) NOT NULL,
  `end_id` int DEFAULT NULL,
  `telefone` varchar(15) DEFAULT NULL,
  `cat_id` int DEFAULT NULL,
  `hora_funcio` time DEFAULT NULL,
  `is_retirada` tinyint(1) DEFAULT NULL,
  PRIMARY KEY (`id`),
  KEY `end_id` (`end_id`),
  KEY `cat_id` (`cat_id`),
  CONSTRAINT `restaurante_ibfk_1` FOREIGN KEY (`end_id`) REFERENCES `endereco` (`id`),
  CONSTRAINT `restaurante_ibfk_2` FOREIGN KEY (`cat_id`) REFERENCES `categoria` (`id`)
) ENGINE=InnoDB AUTO_INCREMENT=11 DEFAULT CHARSET=utf8mb4 COLLATE=utf8mb4_0900_ai_ci;

-- Copiando dados para a tabela projetoif.restaurante: ~10 rows (aproximadamente)
INSERT INTO `restaurante` (`id`, `nome`, `end_id`, `telefone`, `cat_id`, `hora_funcio`, `is_retirada`) VALUES
	(1, 'Pizzaria Italiana', 1, '11987654321', 1, '18:00:00', 1),
	(2, 'Hamburgueria Gourmet', 2, '31987654322', 2, '11:00:00', 1),
	(3, 'Sorvetes Gelados', 3, '81987654323', 3, '12:00:00', 1),
	(4, 'Sucos Tropicais', 4, '41987654324', 4, '10:00:00', 1),
	(5, 'Rei dos Churrascos', 5, '51987654325', 6, '12:00:00', 0),
	(6, 'Doçuras Finas', 6, '21987654326', 7, '09:00:00', 1),
	(7, 'Veg Life', 7, '31987654327', 8, '08:00:00', 1),
	(8, 'Sushibar Nippon', 8, '41987654328', 10, '17:00:00', 0),
	(9, 'Café Gourmet', 9, '51987654329', 9, '07:00:00', 1),
	(10, 'Fast Pizza', 10, '61987654330', 5, '18:30:00', 1);

-- Copiando estrutura para tabela projetoif.restaurante_pagamento
CREATE TABLE IF NOT EXISTS `restaurante_pagamento` (
  `id_restaurante` int NOT NULL,
  `id_pagamento` int NOT NULL,
  PRIMARY KEY (`id_restaurante`,`id_pagamento`),
  KEY `id_pagamento` (`id_pagamento`),
  CONSTRAINT `restaurante_pagamento_ibfk_1` FOREIGN KEY (`id_restaurante`) REFERENCES `restaurante` (`id`),
  CONSTRAINT `restaurante_pagamento_ibfk_2` FOREIGN KEY (`id_pagamento`) REFERENCES `forma_pagamento` (`id`)
) ENGINE=InnoDB DEFAULT CHARSET=utf8mb4 COLLATE=utf8mb4_0900_ai_ci;

-- Copiando dados para a tabela projetoif.restaurante_pagamento: ~25 rows (aproximadamente)
INSERT INTO `restaurante_pagamento` (`id_restaurante`, `id_pagamento`) VALUES
	(1, 1),
	(2, 1),
	(3, 1),
	(4, 1),
	(5, 1),
	(6, 1),
	(7, 1),
	(8, 1),
	(9, 1),
	(10, 1),
	(1, 2),
	(2, 2),
	(3, 2),
	(4, 2),
	(6, 2),
	(7, 2),
	(8, 2),
	(10, 2),
	(1, 3),
	(2, 3),
	(3, 3),
	(4, 3),
	(5, 3),
	(8, 3),
	(9, 3);

-- Copiando estrutura para tabela projetoif.status_entrega
CREATE TABLE IF NOT EXISTS `status_entrega` (
  `id` int NOT NULL AUTO_INCREMENT,
  `nome` varchar(50) NOT NULL,
  PRIMARY KEY (`id`)
) ENGINE=InnoDB AUTO_INCREMENT=4 DEFAULT CHARSET=utf8mb4 COLLATE=utf8mb4_0900_ai_ci;

-- Copiando dados para a tabela projetoif.status_entrega: ~3 rows (aproximadamente)
INSERT INTO `status_entrega` (`id`, `nome`) VALUES
	(1, 'Aguardando retirada'),
	(2, 'Saiu para entrega'),
	(3, 'Entregue');

/*!40103 SET TIME_ZONE=IFNULL(@OLD_TIME_ZONE, 'system') */;
/*!40101 SET SQL_MODE=IFNULL(@OLD_SQL_MODE, '') */;
/*!40014 SET FOREIGN_KEY_CHECKS=IFNULL(@OLD_FOREIGN_KEY_CHECKS, 1) */;
/*!40101 SET CHARACTER_SET_CLIENT=@OLD_CHARACTER_SET_CLIENT */;
/*!40111 SET SQL_NOTES=IFNULL(@OLD_SQL_NOTES, 1) */;
